label,StreetNa_1,county,labelDirec,Angle
Eighth Avenue,8th Ave,New York County,,36.13537661
Seventh Avenue,7th Ave,New York County,,36.57303098
Second Avenue,2nd Ave,New York County,,39.80557109
Third Avenue,3rd Ave,New York County,,36.29262973
University Place,University Pl,New York County,,41.2570117
14th Street,W 14th St,New York County,,-67.02168265
Elizabeth Street,Elizabeth St,New York County,,21.97450799
Madison Avenue,Madison Ave,New York County,,36.41637852
Ninth Avenue,9th Ave,New York County,,36.57303098
10th Street,W 10th St,New York County,,81.40408856
44th Street,W 44th St,New York County,,-67.35518045
46th Street,W 46th St,New York County,,-66.86053824
49th Street,W 49th St,New York County,,-67.30620505
51st Street,W 51st St,New York County,,-67.35319769
48th Street,W 48th St,New York County,,-66.64443514
Lexington Avenue,Lexington Ave,New York County,,36.13537661
Tenth Avenue,10th Ave,New York County,,36.08507304
Broadway,Broadway,New York County,,40.70261334
First Avenue,1st Ave,New York County,,35.21759296
Hudson Street,Hudson St,New York County,,12.69958449
34th Street,E 34th St,New York County,,-66.25050551
57th Street,W 57th St,New York County,,-67.28166462
Vanderbilt Avenue,Vanderbilt Ave,New York County,,36.72410717
Christopher Street,Christopher St,New York County,,80.83765295
45th Street,W 45th St,New York County,,-67.02168265
47th Street,W 47th St,New York County,,-67.13957627
50th Street,W 50th St,New York County,,-66.29735405
72nd Street,W 72nd St,New York County,,-67.35087266
Washington Street,Washington St,New York County,,11.76828893
56th Street,W 56th St,New York County,,-66.69789419
Thompson Street,Thompson St,New York County,,39.94977157
Fifth Avenue,5th Ave,New York County,,35.88213725
Fourth Avenue,4th Ave,Kings County,L,23.47099312
86th Street,86th St,Kings County,L,-76.8142387
5th Avenue,5th Ave,Kings County,R,40.33314163
,,11215,,0.002598557
,,NY,5th Avenue,5th Ave
34th Street,W 34th St,New York County,,-67.06789956
SixthAvenue,6th Ave,New York County,L,36.57303098
Avenue A,Avenue A,New York County,R,35.75388725
Bowery,Bowery,New York County,R,31.75948009
Houston Street,E Houston St,New York County,L,-73.36119433
Eldridge Street,Eldridge St,New York County,L,26.95217893
Allen Street,Allen St,New York County,,21.60552724
West Broadway,W Broadway,New York County,L,37.92646233
Eighth Street,E 8th St,New York County,R,-67.38013505
14th Street,E 14th St,New York County,,-67.73941778
17th Street,E 17th St,New York County,R,-66.91068293
12th Street,E 12th St,New York County,R,-67.27026792
Astor Place,Astor Pl,New York County,L,-80.53767779
Cooper Square,Cooper Sq,New York County,R,36.86989765
St Marks Place,St Marks Pl,New York County,R,-67.19545953
Fourth Avenue,4th Ave,New York County,R,14.42077313
Irving Place,Irving Pl,New York County,R,35.69005982
4th Street,W 4th St,New York County,L,-63.43494882
Lafayette Street,Lafayette St,New York County,R,40.64892205
Park Avenue,Park Ave S,New York County,R,37.20792192
19th Street,E 19th St,New York County,R,-66.93538223
,E 1st St,New York County,,-67.69379495
Broad Street,Broad St,New York County,L,30.17352003
Wall Street,Wall St,New York County,L,-57.26477373
Maiden Lane,Maiden Ln,New York County,R,-51.80905018
Nassau Street,Nassau St,New York County,,48.12213047
Pine Street,Pine St,New York County,L,-59.95356475
Church Street,Church St,New York County,,40.23635831
Chambers Street,Chambers St,New York County,R,-64.37413977
Greenwich Street,Greenwich St,New York County,,12.6525565
Avenue B,Avenue B,New York County,R,36.43085812
Avenue C,Avenue C,New York County,L,36.59108827
23rd Street,E 23rd St,New York County,R,-66.80140949
23rd Street,W 23rd St,New York County,R,-67.20723243
21st Street,E 21st St,New York County,L,-66.94869908
86th Street,E 86th St,New York County,R,-66.97450799
96th Street,E 96th St,New York County,R,-67.11487871
York Avenue,York Ave,New York County,R,36.13537661
Park Avenue,Park Ave,New York County,,38.15722659
Greene Street,Greene St,New York County,R,40.17314122
Mercer Street,Mercer St,New York County,L,40.40574667
Prince Street,Prince St,New York County,R,-66.89367314
Varick Street,Varick St,New York County,R,10.78429787
42nd Street,E 42nd St,New York County,L,-66.80140948
42nd Street,W 42nd St,New York County,,-67.25843647
57th Street,E 57th St,New York County,L,-67.45282233
51st Street,E 51st St,New York County,L,-67.59016263
Amsterdam Avenue,Amsterdam Ave,New York County,L,36.09828397
Columbus Avenue,Columbus Ave,New York County,R,35.77607772
125th Street,W 125th St,New York County,R,-67.31944039
Mulberry Street,Mulberry St,New York County,R,21.52260011
Broome Street,Broome St,New York County,L,-61.69924424
Sullivan Street,Sullivan St,New York County,L,41.6636633
21st Street,W 21st St,New York County,R,-67.10273688
Seventh Avenue,7th Ave S,New York County,R,30.35811546
Wooster Street,Wooster St,New York County,R,40.40574667
Eighth Street,W 8th St,New York County,R,-65.86514157
Crosby Street,Crosby St,New York County,R,41.03534528
Canal Street,Canal St,New York County,R,-53.97262662
86th Street,W 86th St,New York County,L,-67.41268947
85th Street,W 85th St,New York County,R,-67.31347332
79th Street,W 79th St,New York County,R,-67.02945119
16th Street,E 16th St,New York County,R,-67.12633481
15th Street,E 15th St,New York County,R,-66.87347961
17th Street,W 17th St,New York County,R,-67.10273688
16th Street,W 16th St,New York County,R,-67.10273688
15th Street,W 15th St,New York County,R,-67.10273688
Thirteenth Street,W 13th St,New York County,L,-67.26058222
Orchard Street,Orchard St,New York County,L,27.15979569
Ludlow Street,Ludlow St,New York County,L,27.1304517
11th Street,W 11th St,New York County,L,81.20258929
Perry Street,Perry St,New York County,R,81.78079075
Bank Street,Bank St,New York County,R,83.3106846
West Street,West St,New York County,R,4.714754517
Charles Street,Charles St,New York County,L,81.86989765
Essex Street,Essex St,New York County,L,27.61302782
Grand Street,Grand St,New York County,,-63.74975763
Franklin Street,Franklin St,New York County,,-65.69545073
60th Street,E 60th St,New York County,L,-67.4964715
West End Avenue,West End Ave,New York County,R,35.45547444
10th Street,E 10th St,New York County,R,-66.9564022
Worth Street,Worth St,New York County,,-65.01876039
Duane Street,Duane St,New York County,L,-53.42696902
Reade Street,Reade St,New York County,R,-65.19980662
Centre Street,Centre St,New York County,R,36.86989764
12th Street,Little West 12th St,New York County,L,-66.45996073
48th Street,E 48th St,New York County,R,-67.32865638
Warren Street,Warren St,New York County,R,-65.40422846
116th Street,E 116th St,New York County,L,-67.01785231
106th Street,E 106th St,New York County,L,-67.06789956
106th Strett,E 106th St,New York County,L,-67.03622694
29th Street,W 29th St,New York County,R,-66.83256543
125th Street,E 125th St,New York County,L,-67.83365418
73rd Street,E 73rd St,New York County,L,-67.10273688
Watts Street,Watts St,New York County,R,-80.15886824
Sixth Avenue,6th Ave,New York County,R,-1.397181024
Vestry Street,Vestry St,New York County,L,-84.59620864
Desbrosses Street,Desbrosses St,New York County,R,-83.78817797
Laight Street,Laight St,New York County,L,-84.21760768
Spring Street,Spring St,New York County,L,-67.543061
Bleeker Street,Bleecker St,New York County,r,-75.37912601
55th Street,E 55th St,New York County,R,-67.67134362
59th Street,E 59th St,New York County,L,-66.13982481
Great Jones Street,Great Jones St,New York County,L,-64.65382406
Forsyth Street,Forsyth St,New York County,R,26.8109543
Delancey Street,Delancey St,New York County,L,-73.10135131
55th Street,W 55th St,New York County,L,-67.71441235
13th Street,E 13th St,New York County,L,-67.13866002
Kenmare Street,Kenmare St,New York County,L,-71.56505118
Cleveland Place,Cleveland Pl,New York County,R,18.43494882
Leonard Street,Leonard St,New York County,L,-64.86056761
Mott Street,Mott St,New York County,R,22.9128284
Pearl Street,Pearl St,New York County,R,77.09259133
,Prince St,New York County,,-64.093492
22nd Street,W 22nd St,New York County,L,-67.10273688
Water Street,Water St,New York County,L,55.92280472
Fulton Street,Fulton St,New York County,R,-63.26288994
33rd Street,E 33rd St,New York County,R,-67.40540888
33rd Street,W 33rd St,New York County,R,-67.28558765
43rd Street,W 43rd St,New York County,L,-67.29507606
52nd Street,W 52nd St,New York County,L,-65.71417484
53rd Street,W 53rd St,New York County,L,-67.26206914
54th Street,W 54th St,New York County,R,-67.470602
,Grand St,New York County,,-64.47030201
,W 40th St,New York County,,-67.81598665
Eleventh Avenue,11th Ave,New York County,R,35.53767779
20th Street,E 20th St,New York County,R,-67.27589785
South End Avenue,S End Ave,New York County,R,34.64094751
River Terrace,River Ter,New York County,R,15.42216132
North End Avenue,N End Ave,New York County,R,38.51692631
Murray Street,Murray St,New York County,R,-83.49437336
Vesey Street,Vesey St,New York County,L,-66.4252938
King Street,King St,New York County,R,-85.23635831
181st Street,W 181st St,New York County,L,-73.5778125
Walker Street,Walker St,New York County,L,-65.44010896
White Street,White St,New York County,L,-63.43494882
83rd Street,E 83rd St,New York County,L,-66.97450799
64th Street,E 64th St,New York County,R,-67.21759427
65th Street,E 65th St,New York County,L,-66.54097592
66th Street,E 66th St,New York County,L,-67.27026792
67th Street,E 67th St,New York County,L,-67.27850185
68th Street,E 68th St,New York County,R,-66.97450799
24th Street,W 24th St,New York County,R,-66.83466298
41st Street,E 41st St,New York County,L,-66.97450799
43rd Street,E 43rd St,New York County,R,-67.05106272
61st Street,E 61st St,New York County,L,-67.08044517
62nd Street,E 62nd St,New York County,R,-67.40540888
63rd Street,E 63rd St,New York County,L,-67.10273688
79th Street,E 79th St,New York County,L,-67.27850185
80th Street,E 80th St,New York County,L,-66.97450799
81st Street,E 81st St,New York County,L,-67.32442697
82nd Street,E 82nd St,New York County,R,-67.10273688
84th Street,E 84th St,New York County,L,-67.04194451
22nd Street,E 22nd St,New York County,R,-67.26766451
25th Street,W 25th St,New York County,R,-67.231816
26th Street,E 26th St,New York County,R,-67.27850185
26th Street,W 26th St,New York County,R,-67.34652064
225th Street,W 225th St,New York County,L,-65.11672517
27th Street,W 27th St,New York County,R,-66.61477894
28th Street,W 28th St,New York County,L,-66.75272999
Beaver Street,Beaver St,New York County,L,-86.68221883
,Beaver St,New York County,,-88.40885973
Stone Street,Stone St,New York County,L,57.99461679
William Street,William St,New York County,R,44.19307054
,Platt St,New York County,,-58.82865097
,William St,New York County,,45
,Water St,New York County,,76.3423575
20th Street,W 20th St,New York County,R,-67.10273688
Frederick Douglass Boulevard,Frederick Douglass Blvd,New York County,L,37.07307332
West 122 Street,W 122nd St,New York County,L,-67.1902889
West 121 Street,W 121st St,New York County,R,-67.18401335
West 115 Street,W 115th St,New York County,R,-67.06089947
West 114th Street,W 114th St,New York County,L,-67.32442697
Frederick Douglass BoulevardFrederick Do,Frederick Douglass Blvd,New York County,L,36.13537661
West 113 Street,W 113th St,New York County,L,-67.18401335
West 111 Street,W 111th St,New York County,L,-67.18401335
116th Street,W 116th St,New York County,L,-67.08559072
116 Street,W 116th St,New York County,R,-67.08559072
38th Street,W 38th St,New York County,R,-66.89819281
40th Street,W 40th St,New York County,L,-67.10944835
41st Street,W 41st St,New York County,L,-66.71393508
,Crosby St,New York County,,40.29794458
27th Street,E 27th St,New York County,R,-67.38013505
110th Street,E 110th St,New York County,R,-68.00259659
Rivington Street,Rivington St,New York County,L,-72.84757826
Park Place,Park Pl,New York County,L,-65.04231675
,E 47th St,New York County,,-67.38013505
39th Street,W 39th St,New York County,L,-67.5205656
36th Street,W 36th St,New York County,L,-67.21083011
41 Street,W 41st St,New York County,R,-67.00069835
47th Street,E 47th St,New York County,L,-66.43116728
31st Street,W 31st St,New York County,L,-67.24236368
,,10027,,0.000916079
32nd Street,W 32nd St,New York County,R,-67.06089947
,,10018,,0.002173131
37th Street,W 37th St,New York County,R,-67.21083011
Greenwich Avenue,Greenwich Ave,New York County,R,-31.09731289
Mac Dougal Street,MacDougal St,New York County,R,39.7376046
Bond Street,Bond St,New York County,L,-63.83843356
,Greene St,New York County,,39.84991766
,Mercer St,New York County,,40.40574667
Howard Street,Howard St,New York County,R,-60.88385373
,,10013,,0.000845281
North Moore Street,N Moore St,New York County,L,-84.09385889
Manhattan Avenue,Manhattan Ave,New York County,L,38.77417094
St Nicholas Avenue,St Nicholas Ave,New York County,L,36.86989765
St. Nicholas Avenue,St Nicholas Ave,New York County,L,36.86989765
Dyckman Street,Dyckman St,New York County,L,-33.02386756
207th Street,W 207th St,New York County,R,-32.4711923
Lenox Avenue,Lenox Ave,New York County,L,35.72739822
19th Street,W 19th St,New York County,R,-67.5205656
53rd Street,E 53rd St,New York County,R,-67.0112832
Stanton Street,Stanton St,New York County,L,-73.89485792
,,10014,,0.000565685
Gansevoort Street,Gansevoort St,New York County,,0
,,,,
,,10017,,0.00077201
Rockefeller Plaza,Rockefeller Plz,New York County,R,36.86989764
Clinton Street,Clinton St,New York County,L,26.95217893
,Ludlow St,New York County,,26.89623697
L,Ludlow St,New York County,,26.89623697
Jay Street,Jay St,New York County,L,-82.25965884
Harrison Street,Harrison St,New York County,L,-84.70991879
Leroy Street,Leroy St,New York County,L,-84.72610404
Barrow Street,Barrow St,New York County,L,-84.24173984
Clarkson Street,Clarkson St,New York County,R,-83.75162833
Morton Street,Morton St,New York County,L,-84.8479183
Morris Street,Morris St,New York County,L,-72.60667785
Battery Place,Battery Pl,New York County,R,36.72410717
Beach Street,Beach St,New York County,R,-84.80557109
Moore Street,N Moore St,New York County,L,-83.74096369
58th Street,E 58th St,New York County,L,-66.73885953
96th Street,W 96th St,New York County,L,-67.5205656
45th Street,E 45th St,New York County,R,-67.65935204
44th Street,E 44th St,New York County,L,-67.05106272
4th Street,E 4th St,New York County,L,-63.86358756
Barclay Street,Barclay St,New York County,R,-63.86899945
18th Street,W 18th St,New York County,L,-67.09423034
Downing Street,Downing St,New York County,L,72.82409639
Commerce Street,Commerce St,New York County,L,-83.24642596
Grove Street,Grove St,New York County,L,72.50424212
Carmine Street,Carmine St,New York County,L,70.87477398
Bedford Street,Bedford St,New York County,R,-30.06858283
Houston Street,W Houston St,New York County,R,-84.18902014
Jones Street,Jones St,New York County,L,70.61548432
Cornella Street,Cornelia St,New York County,R,70.12092565
113th Street,W 113th St,New York County,L,-66.97895228
178th Street,W 178th St,New York County,L,-67.08309738
49th Street,E 49th St,New York County,L,-67.28558765
78th Street,E 78th St,New York County,,-67.27026792
18th Street,E 18th St,New York County,R,-66.93538223
50th Street,E 50th St,New York County,L,-66.97450799
51th Street,E 51st St,New York County,R,-67.59016263
52nd Street,E 52nd St,New York County,L,-66.72709593
3rd Street,W 3rd St,New York County,L,-64.04123074
Wabash Avenue,N Wabash Ave,Cook County,L,0
Wabash Avenue,S Wabash Ave,Cook County,L,1.145762835
Dearborn Street,S Dearborn St,Cook County,R,-1.432096183
Armitage Avenue,W Armitage Ave,Cook County,R,88.29018596
Clark Street,N Clark St,Cook County,,-2.161079489
Madison Street,W Madison St,Cook County,L,89.04515875
Clark Street,S Clark St,Cook County,L,-2.045408496
Monroe Street,W Monroe St,Cook County,L,89.26074064
Adams Street,W Adams St,Cook County,L,0
Van Buren Street,W Van Buren St,Cook County,L,0
Washington Street,W Washington St,Cook County,L,0
Clybourn Avenue,N Clybourn Ave,Cook County,R,-55.0079798
Halsted Street,N Halsted St,Cook County,L,-1.618094532
Lake Street,W Lake St,Cook County,L,89.59075139
LaSalle Street,N LaSalle St,Cook County,L,0
LaSalle Street,S LaSalle St,Cook County,L,-0.881403994
Jackson Boulevard,W Jackson Blvd,Cook County,L,88.95837332
Webster Avenue,W Webster Ave,Cook County,L,88.59137127
Wacker Drive,W Wacker Dr,Cook County,L,0
Wells Street,N Wells St,Cook County,L,0
Wells Street,S Wells St,Cook County,L,-0.895173708
Randolph Street,W Randolph St,Cook County,L,88.66778015
Franklin Street,N Franklin St,Cook County,L,-1.041626679
Franklin Street,S Franklin St,Cook County,L,-0.939190949
Lake Street,E Lake St,Cook County,L,0
Madison Street,E Madison St,Cook County,L,89.6180338
Randolph Street,E Randolph St,Cook County,L,89.15747574
Wacker Drive,W Lower Wacker Dr,Cook County,L,57.99461679
Wacker Drive,E Wacker Dr,Cook County,L,87.66269415
Wacker Drive,E Lower Wacker Dr,Cook County,L,88.4518423
Wacker Drive,N Wacker Dr,Cook County,L,2.935673447
Wacker Drive,N Lower Wacker Dr,Cook County,L,11.76828893
Wacker Drive,S Lower Wacker Dr,Cook County,L,-2.147585427
Washington Street,E Washington St,Cook County,R,89.39690881
Ohio Street,E Ohio St,Cook County,L,89.00075633
Damen Avenue,N Damen Ave,Cook County,L,-1.245364271
Monroe Street,E Monroe St,Cook County,L,88.2850698
Adams Street,E Adams St,Cook County,L,88.93908831
Jackson Boulevard,E Jackson Blvd,Cook County,L,88.95202335
Van Buren Street,E Van Buren St,Cook County,,87.99044619
Stetson Avenue,N Stetson Ave,Cook County,L,-0.881403994
Randolph Street,E Upper Randolph St,Cook County,R,88.84266693
Columbus Drive,N Lower Columbus Dr,Cook County,R,-1.363927528
Benton Place,E Benton Pl,Cook County,L,0
Randolph Street,E Lower Randolph St,Cook County,,-89.56263613
Water Street,E South Water St,Cook County,R,88.72696998
Chestnut Street,E Chestnut St,Cook County,L,89.31793961
Chicago Avenue,E Chicago Ave,Cook County,L,88.74095479
Delaware Place,E Delaware Pl,Cook County,L,88.53119928
Water Street,E Lower North Water St,Cook County,R,-87.85241457
Erie Street,E Erie St,Cook County,L,89.61287225
Columbus Drive,N Columbus Dr,Cook County,R,0
Fairbanks Court,N Fairbanks Ct,Cook County,,-2.147585427
Ontario Street,E Ontario St,Cook County,L,88.87669729
Huron Street,E Huron St,Cook County,L,88.83086067
Illinois Street,E Illinois St,Cook County,,88.84266693
Lake Shore Drive,N Lake Shore Dr,Cook County,L,-32.00538321
McClurg Court,N McClurg Ct,Cook County,L,-1.397181028
Ocean Drive,Ocean Dr,Miami-Dade County,R,-1.808739321
Lenox Avenue,Lenox Ave,Miami-Dade County,L,-0.987760403
Michigan Avenue,Michigan Ave,Miami-Dade County,R,-1.468800715
Pennsylvania Avenue,Pennsylvania Ave,Miami-Dade County,L,0
Drexel Avenue,Drexel Ave,Miami-Dade County,R,-1.548157704
Washington Avenue,Washington Ave,Miami-Dade County,L,-2.353296865
Grand Avenue,E Grand Ave,Cook County,R,88.70783311
,,60654,,0.00084006
State Street,S State St,Cook County,R,-1.789910609
Michigan Avenue,N Lower Michigan Ave,Cook County,,-3.433630367
Michigan Avenue,N Upper Michigan Ave,Cook County,,0
Michigan Avenue,N Michigan Ave,Cook County,L,-2.792702367
Jefferson Avenue,Jefferson Ave,Miami-Dade County,L,-1.859599338
Meridian Avenue,Meridian Ave,Miami-Dade County,L,0
North Lincoln Lane,Lincoln Ln N,Miami-Dade County,R,88.79395122
Lincoln Road,Lincoln Rd Mall,Miami-Dade County,R,0
Euclid Avenue,Euclid Ave,Miami-Dade County,L,-1.193489421
Walton Street,E Walton Pl,Cook County,R,88.62790835
Dayton Street,N Dayton St,Cook County,L,-6.009005959
Oak Street,E Oak St,Cook County,,88.60281897
Rush Street,N Rush St,Cook County,R,-30.96375653
Elm Street,E Elm St,Cook County,R,88.82787138
Pearson Street,E Pearson St,Cook County,L,89.58179006
State Street,N State St,Cook County,L,0
Slate Parkway,N State St,Cook County,L,-0.622755686
Dearborn Street,N Dearborn St,Cook County,L,-1.301952672
LaSalle Drive,N LaSalle Dr,Cook County,L,-3.433630366
LaSalle Drive,N LaSalle St,Cook County,R,-4.085616768
Erie Street,W Erie St,Cook County,L,88.84654955
Orleans Street,N Orleans St,Cook County,R,8.746162264
Kinzie Street,W Kinzie St,Cook County,R,89.23610154
Grand Avenue,W Grand Ave,Cook County,L,88.49256424
,,IL,Grand Avenue,E Grand Ave
Hubbard Street,W Hubbard St,Cook County,R,88.13737905
Hubbard Street,E Hubbard St,Cook County,L,89.0036521
Illinois Street,W Illinois St,Cook County,R,88.63607247
Huron Street,W Huron St,Cook County,L,89.61547034
Ohio Street,W Ohio St,Cook County,R,0
Ontario Street,W Ontario St,Cook County,R,0
Superior Street,W Superior St,Cook County,L,88.46222761
Superior Street,E Superior St,Cook County,L,88.74554838
Elm Street,W Elm St,Cook County,R,89.61547034
Maple Street,W Maple St,Cook County,L,88.05191499
Division Street,W Division St,Cook County,L,89.22577983
Division Street,E Division St,Cook County,R,89.06080905
Bellevue Place,E Bellevue Pl,Cook County,R,89.0556496
Chicago Avenue,W Chicago Ave,Cook County,R,89.44909602
Michigan Avenue,S Michigan Ave,Cook County,L,-0.716159944
Newbury Street,Newbury St,Suffolk County,L,75.14138555
,,2116,,0.001942807
,,MA,Newbury Street,Newbury St
,,2115,,0.002083891
,Boylston St,Suffolk County,R,77.73522627
,Berkeley St,Suffolk County,R,-26.56505118
,Clarendon St,Suffolk County,R,-26.56505117
,Dartmouth St,Suffolk County,L,-27.1213034
,Gloucester St,Suffolk County,L,-28.21735586
,Hereford St,Suffolk County,L,-26.56505118
,Arlington St,Suffolk County,,-22.83365418
,Stuart St,Suffolk County,,77.90524292
,Stanhope St,Suffolk County,,75.37912601
,Exeter St,Suffolk County,,-26.56505118
,,Suffolk County,,88.15238973
,Cambria St,Suffolk County,,0
,Dalton St,Suffolk County,,-26.25865955
,Scotia St,Suffolk County,,-80.28331418
,Belvidere St,Suffolk County,,-81.55247275
,St Germain St,Suffolk County,,-81.01726296
,Clearway St,Suffolk County,,-80.94927832
,,67801,,0.012712065
Lincoln Road,Lincoln Rd,Miami-Dade County,R,88.60281897
Collins Avenue,Collins Ave,Miami-Dade County,L,8.297144969
P St NW,P St NW,District of Columbia County,,88.55344431
Wisconsin Ave NW,Wisconsin Ave NW,District of Columbia County,,-1.245364271
M St NW,M St NW,District of Columbia County,,88.61964593
29th St NW,29th St NW,District of Columbia County,,-1.49433359
M St NW NW,M St NW,District of Columbia County,,0
M St. NW,M St NW,District of Columbia County,,88.84266693
Dumbarton St NW,Dumbarton St NW,District of Columbia County,R,89.22925125
Pennsylvania Ave NW,Pennsylvania Ave NW,District of Columbia County,,-75.96375653
Prospect St NW,Prospect St NW,District of Columbia County,,88.79648419
N St NW,N St NW,District of Columbia County,,0
31st St NW,31st St NW,District of Columbia County,,-1.73570459
Alton Road,Alton Rd,Miami-Dade County,L,-1.789910609
,,FL,Lincoln Road,Lincoln Rd Mall
,,20007,,0.000984141
Potomac St NW,Potomac St NW,District of Columbia County,,-2.021364943
33rd St NW,33rd St NW,District of Columbia County,L,8.488943878
M St NW,34th St NW,District of Columbia County,,0
Grace St NW,Grace St NW,District of Columbia County,,89.49741833
35th St NW,N St NW,District of Columbia County,,88.67802434
Thomas Jefferson St NW,Thomas Jefferson St NW,District of Columbia County,,-1.041626677
Cady's Alley NW,Cadys Aly NW,District of Columbia County,,88.734001
34th Street,34th St NW,District of Columbia County,,-1.145762839
M St NW,33rd St NW,District of Columbia County,,-1.974934006
Q St NW,Q St NW,District of Columbia County,,89.3610401
29th St NW,Dumbarton St NW,District of Columbia County,,89.46949868
36th St NW,Prospect St NW,District of Columbia County,,88.63607247
K St NW,Water St NW,District of Columbia County,,-82.87498366
M St NW,Potomac St NW,District of Columbia County,,-20.22485943
South St NW,31st St NW,District of Columbia County,L,-1.397181028
28th St NW,28th St NW,District of Columbia County,,-0.682060395
O St NW,O St NW,District of Columbia County,,88.31531568
Canal Towpath NW,C&O Canal Towpath NW,District of Columbia County,,-85.42607874
1/2 36th St NW,36th St NW,District of Columbia County,,-2.045408492
28th St NW,M St NW,District of Columbia County,,89.14490261
30th St NW,30th St NW,District of Columbia County,,-1.652304677
M St NW,31st St NW,District of Columbia County,,-1.218875232
Jones Ct NW,Jones Ct NW,District of Columbia County,L,87.61405598
M St NW,28th St NW,District of Columbia County,,-0.682060395
Dumbarton St NW,27th St NW,District of Columbia County,,-1.380354074
Canal Rd NW,Canal Rd NW,District of Columbia County,,-34.69515353
R St NW,R St NW,District of Columbia County,,-87.88758873
Prospect St. NW,Prospect St NW,District of Columbia County,,88.79648419
K St NW,K St NW,District of Columbia County,,-89.64632684
M St & Penn Ave & 28th St,M St NW,District of Columbia County,,0
P St & 26th St,26th St NW,District of Columbia County,,0.784824605
O St NW,Potomac St NW,District of Columbia County,,-1.735704591
Virginia Ave NW,Virginia Ave NW,District of Columbia County,,-61.55707138
34th St. and Volta Place NW,34th St NW,District of Columbia County,,-0.578725564
Collins Avenue,Collins Ct,Miami-Dade County,L,12.22512268
Northeast 40th Street,NE 40th St,Miami-Dade County,R,87.74320607
Northeast 39th Street,NE 39th St,Miami-Dade County,R,87.83892051
Northeast 2nd Avenue,NE 2nd Ave,Miami-Dade County,R,-2.082565275
Northeast 40th Street,NW 40th St,Miami-Dade County,L,-85.60129465
North Miami Avenue,N Miami Ave,Miami-Dade County,,-2.489552916
Northeast 1st Avenue,NE 1st Ave,Miami-Dade County,L,-2.563770215
,,33137,,0.00155029
34th St NW,Prospect St NW,District of Columbia County,,89.02897807
,,DC,Wisconsin Ave NW,Wisconsin Ave NW
Cadys Alley NW,Cadys Aly NW,District of Columbia County,,88.734001
Thomas Jefferson St. NW Ste 600,Thomas Jefferson St NW,District of Columbia County,,-1.041626677
Potomac St NW,33rd St NW,District of Columbia County,,-2.245742567
1/2 M St NW,M St NW,District of Columbia County,,88.63607246
South St NW,South St NW,District of Columbia County,,89.36340642
Wisconsin Avenue NW,Wisconsin Ave NW,District of Columbia County,R,-27.99714736
34th St NW NW,34th St NW,District of Columbia County,,-0.674036896
33rd St NW,Potomac St NW,District of Columbia County,,-2.726310991
P St. NW,P St NW,District of Columbia County,,88.55344431
1/2 31st St NW,31st St NW,District of Columbia County,,-1.73570459
34th St NW,34th St NW,District of Columbia County,,2.815556682
1/2 Wisconsin Ave NW,Wisconsin Ave NW,District of Columbia County,,-27.99714736
Grace St. NW,Grace St NW,District of Columbia County,,88.42344994
M St NW,29th St NW,District of Columbia County,,-0.682060395
Grace Street NW,Grace St NW,District of Columbia County,,88.42344994
31st St NW,M St NW,District of Columbia County,,89.43829467
Northwest 36th Street,NW 36th St,Miami-Dade County,R,88.74095479
Biscayne Boulevard,Biscayne Blvd,Miami-Dade County,L,8.673174047
Northeast 38th Street,NE 38th St,Miami-Dade County,R,88.43064519
Northeast 41st Street,NE 41st St,Miami-Dade County,L,88.59597278
North 1st Court,NE 1st Ct,Miami-Dade County,L,0
Fulton Market,W Fulton Blvd,Cook County,xL,89.03713637
,,60607,,0.000330606
Fulton Market,W Fulton Market,Cook County,R,89.51445417
Green Street,N Green St,Cook County,R,-2.511363269
Halsted Street,S Halsted St,Cook County,L,-0.895173708
7th Avenue,7th Ave,Kings County,R,38.65980825
,,11220,,0.0005728
13th Avenue,13th Ave,Kings County,L,46.52076966
18th Avenue,18th Ave,Kings County,R,46.90915243
31st Street,31st St,Queens County,R,50.7678889
Ditmars Boulevard,Ditmars Blvd,Queens County,R,-53.89254871
74th Street,74th St,Queens County,R,-11.24548281
82nd Street,82nd St,Queens County,L,-10.50148501
37th Avenue,37th Ave,Queens County,L,84.06847307
,,11214,,0.00083863
108th Street,108th St,Queens County,R,-27.55281158
149th Street,E 149th St,Bronx County,L,-67.71441235
,E 149th St,Bronx County,L,-75.66456458
165th Street,165th St,Queens County,L,-32.18894935
Allerton Avenue,Allerton Ave,Bronx County,R,0
Austin Street,Austin St,Queens County,R,-62.54325771
Avenue J,Avenue J,Kings County,L,81.86989765
Avenue U,Avenue U,Kings County,R,83.72270151
Nostrand Avenue,Nostrand Ave,Kings County,L,-10.7288593
Beach 20th Street,Beach 20th St,Queens County,L,14.72902445
Bay Parkway,Bay Pkwy,Kings County,R,45
Bedford Avenue,Bedford Ave,Kings County,L,46.49433359
North 4th Street,N 4th St,Kings County,L,-58.58812919
North 7th Street,N 7th St,Kings County,L,-57.99461679
North 4 Street,N 4th St,Kings County,R,-58.10278994
Bell Boulevard,Bell Blvd,Queens County,R,-27.31153375
Brighton Beach Avenue,Brighton Beach Ave,Kings County,R,86.09950626
Grand Concourse,Grand Concourse,Bronx County,R,27.91976643
Fordham Road,E Fordham Rd,Bronx County,L,79.21570214
Greenpoint Avenue,Greenpoint Ave,Queens County,R,73.51554681
46th Street,46th St,Queens County,,12.38075693
Jamaica Avenue,Jamaica Ave,Queens County,R,68.29456325
Jay Street,Jay St,Kings County,L,2.935673447
Willoughby Street,Willoughby St,Kings County,L,-87.51044708
Jerome Avenue,Jerome Ave,Bronx County,L,48.3500764
Junction Boulevard,Junction Blvd,Queens County,R,-30.31121323
,,11368,,0.001825298
Kings Highway,Kings Hwy,Kings County,L,68.90766049
Kingston Avenue,Kingston Ave,Kings County,R,4.537772507
Steinway Street,Steinway St,Queens County,R,39.44702897
Sutphin Boulevard,Sutphin Blvd,Queens County,R,-26.56505118
Third Avenue,3rd Ave,Bronx County,L,60.59281094
Union Turnpike,Union Tpke,Queens County,L,62.0377678
Utica Avenue,Utica Ave,Kings County,R,5.37670543
231st Street,W 231st St,Bronx County,L,-69.51964269
Broadway,Broadway,Bronx County,L,32.00538321
Westchester Avenue,Westchester Ave,Bronx County,,75.65066796
National Street,National St,Queens County,L,23.77234881
North 12th Street,N 12th St,Kings County,R,-58.39249775
North 6th Street,N 6th St,Kings County,L,-57.63336194
South 2nd Street,S 2nd St,Kings County,R,-75.22183827
Wythe Avenue,Wythe Ave,Kings County,L,23.47099312
Metropolitan Avenue,Metropolitan Ave,Kings County,,-71.74243693
East 15th Street,E 15th St,Kings County,L,-10.61965528
East 13th Street,E 13th St,Kings County,R,-11.17383824
East 16th Street,E 16th St,Kings County,R,-10.6697828
Boerum Place,Boerum Pl,Kings County,R,35.72739822
Dean Street,Dean St,Kings County,R,-69.18493403
,,11372,,0.001743474
Berry Street,Berry St,Kings County,R,31.52217725
South 4th Street,S 4th St,Kings County,L,-70.01689348
South 5th Street,S 5th St,Kings County,R,-70.98923358
South 3rd Street,S 3rd St,Kings County,R,-75.22183827
Kent Avenue,Kent Ave,Kings County,R,25.11483489
Flatbush Avenue,Flatbush Ave,Kings County,L,-46.75085419
Tremont Avenue,E Tremont Ave,Bronx County,R,-63.78862198
Broadway,Broadway,Kings County,R,-69.39675893
Church Avenue,Church Ave,Kings County,L,75.06858282
71st Avenue,71st Ave,Queens County,L,33.20657031
Court Street,Court St,Kings County,R,27.97947439
Atlantic Avenue,Atlantic Ave,Kings County,L,-71.38983527
161st Street,E 161st St,Bronx County,L,-74.31000707
170th Street,E 170th St,Bronx County,R,-73.25802961
Bainbridge Avenue,Bainbridge Ave,Bronx County,L,62.52556838
Burnside Avenue,E Burnside Ave,Bronx County,L,-72.8637255
Kingsbridge Road,E Kingsbridge Rd,Bronx County,R,-67.49017803
Pacific Street,Pacific St,Kings County,L,-67.91955483
St Mark's Avenue,St Marks Ave,Kings County,L,-77.27564432
Fordham Road,W Fordham Rd,Bronx County,L,83.15722659
Creston Avenue,Creston Ave,Bronx County,L,33.69006753
Fresh Pond Road,Fresh Pond Rd,Queens County,R,-34.3150876
Fulton Street,Fulton St,Kings County,L,-68.33404128
DeKalb Avenue,De Kalb Ave,Kings County,L,0
Flatbush Avenue Extension,Flatbush Ave Ext,Kings County,R,-23.32535088
Lafayette Avenue,Lafayette Ave,Kings County,R,85.10090754
Kissena Boulevard,Kissena Blvd,Queens County,R,7.883139317
Knickerbocker Avenue,Knickerbocker Ave,Kings County,R,-61.33604289
Liberty Avenue,Liberty Ave,Kings County,L,82.95423087
Liberty Avenue,Liberty Ave,Queens County,R,69.27444113
Livingston Street,Livingston St,Kings County,R,-69.50265945
Main Street,Main St,Queens County,L,-31.15930451
,,11354,,0.001421267
Manhattan Avenue,Manhattan Ave,Kings County,R,-13.05524723
,,11222,,0.00119708
Mermaid Avenue,Mermaid Ave,Kings County,L,84.13039956
Montague Street,Montague St,Kings County,L,-74.7448813
Myrtle Avenue,Myrtle Ave,Queens County,R,89.5185342
,,11385,,0.000946414
Northern Boulevard,Northern Blvd,Queens County,R,49.08561678
Metropolitan Avenue,Metropolitan Ave,Bronx County,R,28.81079374
Pitkin Avenue,Pitkin Ave,Kings County,L,82.04247477
Queens Boulevard,Queens Blvd,Queens County,R,-70.04110978
63rd Drive,63rd Rd,Queens County,L,64.61209371
63rd Road,63rd Rd,Queens County,L,64.61209371
63rd Drive,63rd Dr,Queens County,R,31.84905132
Ralph Avenue,Ralph Ave,Kings County,R,-4.96974073
Rockaway Parkway,Rockaway Pkwy,Kings County,R,-50.76263288
Roosevelt Avenue,Roosevelt Ave,Queens County,L,75.96375653
Sheepshead Bay Road,Sheepshead Bay Rd,Kings County,R,-78.69006752
Southern Boulevard,Southern Blvd,Bronx County,L,-4.922418187
Westchester Square,Westchester Sq,Bronx County,L,-55.98065001
White Plains Road,White Plains Rd,Bronx County,L,1.628824941
Smith Street,Smith St,Kings County,R,34.50852299
Grand Street,Grand St,Kings County,R,84.83669319
Hylan Boulevard,Hylan Blvd,Richmond County,L,70.34617594
Hollis Avenue,Hollis Ave,Queens County,L,78.69006753
Morris Park Avenue,Morris Park Ave,Bronx County,L,65.55604522
Hillside Avenue,Hillside Ave,Queens County,L,64.23067237
Seventh Avenue,7th Ave,Kings County,,40.36453657
Main Street,Main St,Westchester County,R,57.86275102
,Main St,Westchester County,,57.86275102
Broadway,Broadway,Nassau County,R,47.10551419
Broadway,W Broadway,Nassau County,L,83.41805534
High Ridge Road,High Ridge Rd,Fairfield County,,15.84308212
101st Avenue,101st Ave,Kings County,L,72.58202921
North 3rd Street,N 3rd St,Kings County,R,-58.17255342
Center Boulevard,Center Blvd,Queens County,R,43.02506599
Vernon Boulevard,Vernon Blvd,Queens County,L,17.44718842
Queens Plaza,Queens Plz N,Queens County,R,-66.29735405
Queens Plaza,Queens Plz S,Queens County,L,-66.47679098
Jackson Avenue,Jackson Ave,Queens County,L,70.55996517
45th Avenue,45th Ave,Queens County,L,-78.78936687
46th Avenue,46th Ave,Queens County,L,-78.86369057
43rd Avenue,43rd Ave,Queens County,L,-63.43494882
21st Street,21st St,Queens County,R,39.90260026
44th Drive,44th Dr,Queens County,L,-78.98288838
11th Street,11th St,Queens County,L,20.61818812
27th Street,27th St,Queens County,R,43.51854283
Crescent Street,Crescent St,Queens County,R,42.57072668
Driggs Avenue,Driggs Ave,Kings County,L,48.48327147
Franklin Avenue,Franklin Ave,Kings County,L,20.79411495
Arthur Avenue,Arthur Ave,Bronx County,R,41.91518767
,,10458,,0.001226744
,E 189th St,Bronx County,,-61.05998731
North 9th Street,N 9th St,Kings County,R,-58.10278994
Vanderbilt Avenue,Vanderbilt Ave,Kings County,R,21.03751103
John Street,John St,Kings County,R,-87.44890491
Plymouth Street,Plymouth St,Kings County,R,-88.81881109
Pearl Street,Pearl St,Kings County,R,2.489552925
Anchorage Place,Anchorage Pl,Kings County,R,-34.87532835
Front Street,Front St,Kings County,R,-87.98540121
Water Street,Water St,Kings County,L,-88.81881109
York Street,York St,Kings County,L,-86.69813433
Washington Street,Washington St,Kings County,L,3.468229255
Main Street,Main St,Kings County,R,0
Adams Street,Adams St,Kings County,L,3.691385987
Old Fulton Street,Old Fulton St,Kings County,R,-68.45902408
Story Avenue,Story Ave,Bronx County,R,83.22434383
4th Avenue,4th Ave,Kings County,L,34.11447295
Bedfird Avenue,Bedford Ave,Kings County,L,31.92087622
Central Avenue,Central Ave,Nassau County,L,53.58091821
Park Place,Park Pl,Kings County,L,-70.66519146
Fifth Avenue,5th Ave,Kings County,L,32.27564431
,,11226,,0.000269258
,,11211,,0.000974205
Warren Street,Warren St,Kings County,L,-69.09766582
Wyckoff Street,Wyckoff St,Kings County,L,-68.12518148
Bergen Street,Bergen St,Kings County,L,-69.39675892
Bond Street,Bond St,Kings County,,33.27488798
Schermerhorn Street,Schermerhorn St,Kings County,L,-72.62924667
Hoyt Street,Hoyt St,Kings County,L,33.47627829
,Bond St,Kings County,,34.28687697
State Street,State St,Kings County,R,-71.47218938
Sterling Place,Sterling Pl,Kings County,R,-77.80579996
Prospect Place,Prospect Pl,Kings County,R,-77.93223104
Avenue M,Avenue M,Kings County,R,83.18178543
Myrtle Avenue,Myrtle Ave,Kings County,L,-87.64670314
167th Street,E 167th St,Bronx County,L,-62.94940299
Melrose Avenue,Melrose Ave,Bronx County,L,23.72039557
Decatur Avenue,Decatur Ave,Bronx County,R,46.52076966
Webster Avenue,Webster Ave,Bronx County,R,53.55555824
Cortelyou Road,Cortelyou Rd,Kings County,L,70.09625046
Arthur Aveue,Arthur Ave,Bronx County,L,40.36453657
Arther Avenue,Arthur Ave,Bronx County,L,40.36453657
Arthir Avenue,Arthur Ave,Bronx County,L,41.91518767
Washington Avenue,Washington Ave,Kings County,R,-10.17551084
North 1st Street,N 1st St,Kings County,L,-63.92464442
Roebling Street,Roebling St,Kings County,R,53.13010235
South 1st Street,S 1st St,Kings County,R,-69.65215074
Manahattan Avenue,Manhattan Ave,Kings County,L,-29.56035446
River Avenue,Rivera Ave,Bronx County,R,29.78367329
163rd Street,E 163rd St,Bronx County,L,89.07595465
Weschester Avenue,Westchester Ave,Bronx County,L,61.38954033
Hunts Point Avenue,Hunts Point Ave,Bronx County,L,-48.62148471
Fort Greene Place,Fort Greene Pl,Kings County,R,-11.30993247
Ft Greene Place,Fort Greene Pl,Kings County,R,-11.30993247
Willis Avenue,Willis Ave,Bronx County,L,33.90627699
,Carroll St,Kings County,,-68.87076689
Franklin Street,Franklin St,Kings County,R,-9.593134262
North 5th Street,N 5th St,Kings County,R,-57.15091104
,Grand St,Kings County,,84.92786713
Ash Street,Ash St,Kings County,R,83.11827637
McGuinness Boulevard,McGuinness Blvd,Kings County,R,-2.353296869
Greenpoint Avenue,Greenpoint Ave,Kings County,R,83.92754359
Greepoint Avenue,Greenpoint Ave,Kings County,L,83.92754359
Calyer Street,Calyer St,Kings County,L,72.37770277
Meserole Avenue,Meserole Ave,Kings County,L,70.74070836
Norman Avenue,Norman Ave,Kings County,R,72.15979569
Nassau Avenue,Nassau Ave,Kings County,L,71.3126485
Dupont Street,Dupont St,Kings County,L,84.59620864
Parsons Boulevard,Parsons Blvd,Queens County,L,-29.74488129
,Dean St,Kings County,,-78.06580407
,Bergen St,Kings County,,-78.34970056
Commercial Street,Commercial St,Kings County,L,63.43494882
West Street,West St,Kings County,L,-7.224315694
,Hoyt St,Kings County,,34.9309373
204th Street,E 204th St,Bronx County,R,-43.31531568
,E 204th St,Bronx County,,-43.31531568
,98th St,Queens County,,-27.25532837
Metropolitan Avenue,Metropolitan Ave,Queens County,R,-82.14668671
,,11375,,0.00092228
Johnson Avenue,Johnson Ave,Bronx County,L,18.08344538
235th Street,W 235th St,Bronx County,L,-79.85445556
30th Avenue,30th Ave,Queens County,R,-66.57130719
Burnside Avenue,W Burnside Ave,Bronx County,R,-73.77980631
Debvoise Street,Debevoise St,Kings County,L,84.2321111
Debevoise Street,Debevoise St,Kings County,L,84.2321111
Flushing Avenue,Flushing Ave,Kings County,R,76.84245726
Graham Avenue,Graham Ave,Kings County,L,-9.727578555
,Varet St,Kings County,,84.95754893
Wyckoff Avenue,Wyckoff Ave,Kings County,R,-60.42216132
Wyckoff Avenue,Wyckoff Ave,Queens County,R,-62.2414594
Richmond Street,Richmond St W,,R,77.94600832
Queen Street West,Queen St W,,L,78.69006752
King Street,King St W,,R,78.69006753
Niagara Street,Niagara St,,R,-37.47617956
Whittaker Avenue,Whitaker Ave,,R,77.90524292
Mitchell Avenue,Mitchell Ave,,L,78.2825653
Adelaide Street,Adelaide St W,,R,78.60123693
Queen Street,Queen St W,,L,78.88695946
Walnut Avenue,Walnut Ave,,R,-33.46537935
Strachan Avenue,Strachan Ave,,R,-20.94747059
Strachan Avenue,Adelaide St W,,R,79.04593736
Stafford Street,Stafford St,,L,-22.61986495
Strachan Avenue,Richmond St W,,R,80.67640823
Harbord Street,Harbord St,,L,80.13419306
University Avenue,Wellington St W,,R,75.96375653
University Avenue,University Ave,,R,-28.36904629
Front Street West,Front St W,,R,76.293039
York Street,York St,,R,-24.36245301
Wellington Street West,Wellington St W,,L,77.73522627
Bay Street,Bay St,,L,-23.78203042
King Street West,King St W,,L,77.75366714
Adelaide Street West,Adelaide St W,,L,77.5548968
Yonge Street,Yonge St,,L,-24.34108994
King Street East,King St E,,R,79.38034473
Adelaide Street East,Adelaide St E,,L,77.61924307
University Avenue,Richmond St W,,L,78.366366
University Avenue,Adelaide St W,,L,78.58901687
Richmond Street West,Richmond St W,,L,79.3460974
Richmondd Street West,Richmond St W,,L,79.3460974
Temperance Street,Temperance St,,L,79.69515353
Queen Street East,Queen St E,,L,79.2611029
University Avenue,Queen St W,,L,77.12499844
Blue Jays Way,Blue Jays Way,,L,-22.61986495
Queens Quay West,Queens Quay W,,R,80.71995431
Bremner Boulevard,Bremner Blvd,,R,78.11134196
Lower Simcoe Street,Lower Simcoe St,,R,-22.61986495
Lower Jarvis Street,Lower Jarvis St,,L,-21.80140948
The Esplanade,The Esplanade,,L,64.34977374
Church Street,Church St,,L,-22.44912452
Dundas Street East,Dundas St E,,L,79.9920202
Bond Street,Bond St,,L,-21.27960443
Victoria Street,Victoria St,,L,-21.50143432
Jarvis Street,Jarvis St,,L,-21.33685929
Dundas Street West,Dundas St W,,L,77.31961651
Dundas Streer West,Dundas St W,,L,78.15173376
Centre Avenue,Centre Ave,,L,-22.65189165
Chesnut Street,Chestnut St,,L,-23.69421638
Elizabeth Street,Elizabeth St,,L,-21.80140949
University Avenue,Dundas St W,,R,80.53767779
Elm Street,Elm St,,L,75.32360686
Dundas Stret West,Dundas St W,,L,78.15173376
Gerrard Street West,Gerrard St W,,L,76.79891283
Gerrard Street East,Gerrard St E,,L,75.71890426
Gould Street,Gould St,,L,77.60459317
Mutual Street,Mutual St,,L,-22.529398
Toronto Street,Toronto St,,L,-21.80140948
Richmond Street East,Richmond St E,,L,77.93869054
Eglinton Avenue West,Eglinton Ave W,,R,78.02386756
Avenue Road,Avenue Rd,,R,-22.93210044
Yonge Street,Eglinton Ave W,,L,77.78849162
Mount Pleasant Road,Eglinton Ave E,,L,78.31063083
Eglinton Avenue East,Eglinton Ave E,,R,78.31063083
Redpath Avenue,Redpath Ave,,L,-21.71764379
,Yonge St,,,-12.33908728
Broadway Avenue,Broadway Ave,,R,78.92140858
Erskine Avenue,Erskine Ave,,L,78.69006753
Mount Pleasant Road,Mt Pleasant Rd,,L,-21.16125982
Mount Pleasant Road,Hillsdale Ave E,,L,78.89054179
Holly Street,Holly St,,L,-21.80140949
Yonge Street,Hillsdale Ave E,,R,77.94323747
Davisville Avenue,Davisville Ave,,R,77.4711923
Millwood Road,Millwood Rd,,L,78.45232707
Oriole Parkway,Oriole Pkwy,,L,-19.33012253
Adelaide Street,Adelaide St E,,R,-85.16958004
King Street,King St E,,R,77.07400088
Richmond Street,Richmond St E,,R,77.07400088
Queens Street West,Queen St W,,R,79.85445557
Dufferin Street,Dufferin St,,R,-21.54097592
Bloor Street,Bloor St W,,L,78.25436657
Roncesvalles Avenue,Roncesvalles Ave,,R,-19.17900802
Marion Street,Marion St,,L,78.39710408
Dundas Street,Dundas St W,,R,-20.17065341
Cherry Street,Cherry St,,R,-24.0831962
Front Street,Front St E,,R,77.04468072
Mill Street,Mill St,,L,77.39442264
Trinity Street,Trinity St,,R,-23.74949449
College Street,College St,,L,78.11134196
Lansdowne Avenue,Lansdowne Ave,,R,-16.82140989
Bathurst Street,Bathurst St,,R,-21.44773633
Spadina Avenue,Spadina Ave,,L,-21.55707929
St Clair Avenue,St Clair Ave W,,R,77.73522627
Old Stock Yards Road,St Clair Ave W,,L,77.79953127
Batavia Drive,Batavia Ave,,L,-21.80140949
,,ON,St Clair Avenue,St Clair Ave W
Mavety Street,Mavety St,,R,-21.80140949
Pacific Avenue,Pacific Ave,,L,-21.59531045
High Park Avenue,High Park Ave,,L,-23.43480632
Saint Johns Road,St Johns Rd,,L,51.49934628
Saint Johns Road,Dundas St W,,L,-88.80651058
Munro Street,Munro St,,R,-24.34108994
Davies Avenue,Queen St E,,L,78.31063083
,Queen St E,,,77.90524292
Pape Avenue,Queen St E,,R,77.51453251
Pape Avenue,Pape Ave,,R,-19.23067237
Coady Avenue,Coady Ave,,R,-23.49116216
Wellesley Street,Wellesley St W,,R,77.61924307
Wellesly Street,Wellesley St W,,R,78.11134196
Wellesley Street,Wellesley St E,,R,74.64986351
Gerrard Street,Gerrard St W,,R,77.93511559
Gerrard Street,Gerrard St E,,L,78.15792388
Carlton Street,Carlton St,,L,77.47119229
Chruch Street,Church St,,R,-20.75407132
King West,King St W,,L,80.78897346
Ossington Avenue,Ossington Ave,,R,-20.32313683
Dupont Street,Dupont St,,R,77.27564432
Saint George Street,St George St,,R,-19.98310652
Avenue Road,Roxborough St W,,R,79.9920202
Queens Quay West,Queens Quay E,,R,71.77884041
Queens Quay East,Queens Quay E,,L,70.86635679
Spadina Avenue,Richmond St W,,R,76.68236603
Peter Street,Peter St,,L,-21.31791228
Adalaide Street,Adelaide St W,,R,77.92471142
Wellington Street,Wellington St W,,R,77.66091272
Danforth Avenue,Danforth Ave,,L,79.69515353
Colborne Street,Colborne St,,L,76.1224702
Leader Lane,Leader Ln,,L,-22.83365418
Wellington Street,Wellington St E,,L,77.75366714
Wellington Street East,Wellington St E,,R,76.17134902
Charles Street,Charles St W,,R,77.78428087
Scollard Street,Scollard St,,R,78.29709852
Yorkville Avenue,Yorkville Ave,,R,77.81634341
Hazelton Avenue,Hazelton Ave,,L,-22.05106272
Bllor Street,Bloor St W,,L,79.56252465
Balmuto Street,Balmuto St,,L,-18.43494882
St. Thomas Street,St Thomas St,,L,-19.35899418
Portland Street,Portland St,,L,-22.24902366
Sultan Street,Sultan St,,R,78.07067782
Cumberland Street,Cumberland St,,L,77.90524292
Bellair Street,Bellair St,,R,-22.61986496
Bloor Street,Bloor St E,,R,77.43255725
Prince Arthur Avenue,Prince Arthur Ave,,L,78.21767487
Cumberland Avenue,Cumberland St,,R,77.86317554
Yorkville Street,Yorkville Ave,,L,77.22875743
St Thomas Street,St Thomas St,,L,-22.1902889
Maud Street,Maud St,,L,-21.39981013
Spadina Avenue,Adelaide St W,,L,78.69006753
Camden Street,Camden St,,L,78.42481118
Adelaide Avenue,Adelaide St W,,R,78.366366
John Street,John St,,L,-22.61986495
Widmer Street,Widmer St,,L,-20.48701419
Simcoe Street,Simcoe St,,L,-23.09682192
Nelson Street,Nelson St,,L,76.86597769
Duncan Street,Duncan St,,L,-19.53665494
Adelaide Place,Adelaide Pl,,R,-24.26129085
Brant Street,Brant St,,L,-22.89055165
Spadina Avenue,King St W,,R,78.26691584
Pearl Street,Pearl St,,R,77.77038424
Stewart Street,Stewart St,,R,78.73228991
Blue Jays Way,Wellington St W,,L,77.70473358
Clarence Square,Wellington St W,,R,78.50343698
Mercer Street,Mercer St,,L,77.28466301
Heath Street,Heath St W,,L,79.3396517
Delisle Avenue,Delisle Ave,,R,78.92979742
St Clair Avenue,St Clair Ave E,,R,78.23171107
Heath Street,Heath St E,,L,78.2118167
Alvin Avenue,Alvin Ave,,R,-23.40468955
Ferndale Avenue,Ferndale Ave,,L,-22.24902366
Balmoral Avenue,Balmoral Ave,,R,78.24871076
Pleasant Boulevard,Pleasant Blvd,,R,72.73211997
Yonge Street,St Clair Ave E,,R,78.23171107
Rosehill Avenue,Rosehill Ave,,R,78.46537934
Farmham Avenue,Farnham Ave,,R,78.57443543
Jackes Avenue,Jackes Ave,,R,77.61924307
Woodlawn Avenue,Woodlawn Ave W,,R,78.53046967
Farnham Avenue,Farnham Ave,,L,78.57443543
Woodlawn Avenue,Woodlawn Ave E,,R,78.23171107
Yonge Street,Woodlawn Ave E,,R,77.90524293
Yonge Street,Woodlawn Ave W,,L,78.90627699
Walker Avenue,Walker Ave,,R,77.95164878
Summerhill Avenue,Summerhill Ave,,R,78.56087771
Walker Street,Walker Ave,,L,77.88123967
Alcorn Avenue,Alcorn Ave,,R,78.02386756
Shaftesbury Avenue,Shaftesbury Ave,,R,77.79953127
George Street,George St,,R,-22.66455743
Frederick Street,Frederick St,,L,-25.01689348
,King St E,,,77.67527256
Scott Street,Scott St,,R,-30.03328044
Front Street,Front St W,,R,67.61986495
Melinda Street,Melinda St,,L,74.74488129
Market Street,Market St,,L,-22.16634582
Jarvis Street,Lower Jarvis St,,R,-25.11483489
Portugal Square,Portugal Sq,,R,50.90614112
Tecumseth Street,Tecumseth St,,R,-18.43494883
Sherbourne Street,Sherbourne St,,R,-22.91690262
Ontario,Richmond St E,,L,77.12499844
Richmond,Richmond St E,,R,76.60750225
Parliament Street,Parliament St,,L,-23.19859051
Ontario Street,Ontario St,,L,-27.36821043
Ossington Avenue,Dundas St W,,L,-88.05380488
Ossington Avenue,Queen St W,,L,78.50343698
Queen Street Wset,Queen St W,,R,79.04593735
M6K 1L6,Queen St W,,L,78.69006753
M6K 1L4,Queen St W,,L,78.40782459
Queen Street Weset,Queen St W,,R,78.54124765
Quene Street West,Queen St W,,L,78.40782459
,Queen St W,,,78.25001643
Spadina Avenue,Queen St W,,L,77.47119229
,,M6K 1T,,0.001964336
Crawford Street,Crawford St,,L,-20.92450174
,,M6J 1W,,0.000376563
Bellwoods Avenue,Dundas St W,,R,77.73522628
M6J 1V1,Dundas St W,,R,78.69006752
Dundas Stree West,Dundas St W,,L,77.77487733
Queen Sttreet West,Queen St W,,R,78.51800864
Mowat Avenue,Mowat Ave,,L,-21.48055647
Liberty Street,Liberty St,,L,78.69006752
Fraser Avenue,Fraser Ave,,R,-21.25050551
Jefferson Avenue,Jefferson Ave,,R,-19.91062613
Atlantic Avenue,Atlantic Ave,,L,-21.29735405
Hanna Avenue,Hanna Ave,,R,-20.55604522
Liberty Street,E Liberty St,,L,86.27868674
Lynn Williams Street,Lynn Williams St,,R,0
Western Battery Road,Western Battery Rd,,R,-19.93253656
Pardee Avenue,Pardee Ave,,L,-22.03622694
Jane Street,Jane St,,L,-21.25050551
Beresford Avenue,Beresford Ave,,L,-22.06789956
Burger,Bloor St W,,L,78.17851166
Kennedy Avenue,Kennedy Ave,,L,-23.53234856
Manning Avneue,Manning Ave,,R,-22.85876188
Spadina Avenue,Bloor St W,,L,78.43986921
Baldwin Street,Baldwin St,,R,77.97472039
Kensington Avenue,Kensington Ave,,R,-21.80140949
Augusta Avenue,Augusta Ave,,R,-23.83874018
Spadina Avenue,Dundas St W,,L,76.90810694
Roncesvalles Ave,Roncesvalles Ave,,L,-16.23884163
East Liberty St,E Liberty St,,L,86.27868674
Quick Service Restaurant,Queen St W,,R,79.33965171
Mowat Avenue,King St W,,R,78.31063082
Davenport Road,Davenport Rd,,R,-77.95742486
,Bellair St,,,-21.80140948
,Genoa St,,,-22.0112832
Avenue Street,Avenue Rd,,L,-22.10944835
Lombard Street,Lombard St,,R,78.23171107
King Steet,King St E,,R,79.38034473
Berkeley Street,Berkeley St,,L,-22.91690262
Frederick St,Frederick St,,L,-25.01689348
Kensington Avenue,Dundas St W,,L,77.59258147
St Andrews Street,St Andrew St,,R,79.17698878
Nassau Street,Nassau St,,R,78.19756579
Lower Sherbourne Street,Lower Sherbourne St,,L,-19.72227776
Princess Street,Princess St,,R,-23.49856568
Shutter Street,Shuter St,,L,78.50343698
Franklin Street,Franklin Pl,New York County,R,39.01940048
Suffolk Street,Suffolk St,New York County,R,27.53607311
Horatio Street,Horatio St,New York County,R,0
2nd Street,E 2nd St,New York County,R,-66.50143432
3rd Street,E 3rd St,New York County,R,-67.18833614
5th Street,E 5th St,New York County,R,-67.10013347
6th Street,E 6th St,New York County,L,-67.10013347
7th Street,E 7th St,New York County,L,-67.27589785
Fort Washington Avenue,Fort Washington Ave,New York County,L,17.33516493
187th Street,W 187th St,New York County,R,-69.51298581
Pinehurst Avenue,Pinehurst Ave,New York County,L,16.97549947
West 225th Street,W 225th St,New York County,L,-65.11672517
Chrystie Street,Chrystie St,New York County,L,26.56505118
East 28th Street,E 28th St,New York County,L,-67.27850185
,Delancey St,New York County,,-73.30075577
,A New St,New York County,,35.97238705
East 124th Street,E 124th St,New York County,R,-66.92958775
124th Street,E 124th St,New York County,R,-67.16634582
111th Street,E 111th St,New York County,L,-67.27850185
Pleasant Avenue,Pleasant Ave,New York County,R,37.2781742
Norfolk Street,Norfolk St,New York County,l,27.1496817
Union Square,Union Sq E,New York County,R,35.7066914
Greenwich Street,Greenwich Mews,New York County,R,-83.65980825
Ridge Street,Ridge St,New York County,R,26.95217893
56th Street,E 56th St,New York County,R,-67.26058221
Pitt Street,Pitt St,New York County,L,25.78290482
Hester Street,Hester St,New York County,R,-73.49563862
Columbus Circle,Columbus Cir,New York County,L,40.03025927
John Street,John St,New York County,R,-57.61932229
Beekman Street,Beekman St,New York County,L,-35.16643604
Front Street,Front St,New York County,L,63.01976928
Peck Slip,Peck Slip,New York County,R,-44.39690881
Attorney Street,Attorney St,New York County,L,27.1496817
Baxter Street,Baxter St,New York County,R,31.71513352
Dey Street,Dey St,New York County,L,-65.36160327
Cortlandt Street,Cortlandt St,New York County,L,-64.75402644
Avenue D,Avenue D,New York County,L,36.34745821
9th Street,E 9th St,New York County,R,-67.00510109
,Wooster St,New York County,,38.05901657
East 86th Street,E 86th St,New York County,,-67.43299092
North Avenue,W North Ave,Cook County,L,87.61405597
Sheffield Avenue,N Sheffield Ave,Cook County,R,0
Wrightwood Avenue,W Wrightwood Ave,Cook County,L,0
Lincoln Park,N Lincoln Park West,Cook County,L,-0.489695592
Fullerton Avenue,W Fullerton Pkwy,Cook County,R,88.281642
Sandburn Terrace,N Sandburg Ter,Cook County,R,-0.716159948
North Avenue,W North Blvd,Cook County,L,88.56790381
,,60614,,0.00021
Fullerton Avenue,W Fullerton Ave,Cook County,L,88.49256424
LaSalle Drive,N LaSalle Blvd,Cook County,L,-1.909152433
Kingsbury Street,N Kingsbury St,Cook County,L,-37.64762064
Weed Street,W Weed St,Cook County,R,89.5787151
Evergreen Avenue,W Evergreen Ave,Cook County,R,-89.06080905
Blackhawk Street,W Blackhawk St,Cook County,L,0
Fremont Street,N Fremont St,Cook County,L,-0.971021934
Marcey Street,N Marcey St,Cook County,,-52.66047533
St Clair Street,N St Clair St,Cook County,L,-2.095252563
Walton Place,E Walton Pl,Cook County,L,88.62790835
Larrabee Street,N Larrabee St,Cook County,R,0.848764272
Sedgwick Street,N Sedgwick St,Cook County,L,-2.227046967
Greenwich Avenue,Greenwich Ave,Fairfield County,L,-13.67130713
,,60661,,0.001032492
Lincoln Avenue,N Lincoln Ave,Cook County,L,-54.87783629
Southport Avenue,N Southport Ave,Cook County,L,-2.544804381
Wabansia Avenue,W Wabansia Ave,Cook County,L,0
Ashland Avenue,N Ashland Ave,Cook County,R,-0.561705331
Elston Avenue,N Elston Ave,Cook County,L,-36.80193115
Logan Boulevard,W Logan Blvd,Cook County,L,55.49147702
Logan Boulevard,N Logan Blvd,Cook County,L,45
Broadway Street,N Broadway St,Cook County,L,-1.181188914
Diversey Parkway,W Diversey Pkwy,Cook County,L,89.26074065
,,60657,,0.00045
Belmont Avenue,W Belmont Ave,Cook County,L,89.33380003
Broadway Street,N Broadway,Cook County,L,-33.17851166
Addison Street,W Addison St,Cook County,L,89.51445417
Sheridan Road,N Sheridan Rd,Cook County,L,-3.179830112
Roscoe Street,W Roscoe St,Cook County,L,89.44374777
Western Avenue,N Western Ave,Cook County,L,0
Lawrence Avenue,W Lawrence Ave,Cook County,L,89.53419092
Leland Avenue,W Leland Ave,Cook County,R,74.24882634
,,60618,,0.001104355
,,60613,,0.001092886
Montrose Avenue,W Montrose Ave,Cook County,L,88.91907582
South Pointe Drive,S Pointe Dr,Miami-Dade County,R,-88.89829388
Illinois Street,E Upper Illinois Ave,Cook County,R,88.31531568
Duval Street,Duval St,Monroe County,R,-36.86989765
Las Olas Boulevard,E Las Olas Blvd,Broward County,L,88.91907581
Galiano Street,Galiano St,Miami-Dade County,L,-0.763898463
8th Street,E 8th St,Cook County,L,88.85423716
Balbo Avenue,E Balbo Ave,Cook County,L,88.70540048
Congress Parkway,E Congress Pkwy,Cook County,L,86.2847109
Harrison Street,E Harrison St,Cook County,R,88.87669729
Polk Street,W Polk St,Cook County,L,87.75425743
9th Street,W 9th St,Cook County,R,89.44374777
Washington Boulevard,W Washington Blvd,Cook County,,88.83086067
Union Avenue,N Union Ave,Cook County,R,-18.13808215
Riverside Plaza,N Riverside Plz,Cook County,R,2.981461219
Riverside Plaza,S Riverside Plz,Cook County,L,-22.12633481
Riverside Plaza,Riverside,Cook County,L,-17.74467162
Canal Street,N Canal St,Cook County,,-4.037710622
Canal Street,S Canal St,Cook County,,-3.224522607
Clinton Street,N Clinton St,Cook County,L,-0.902221162
Clinton Street,S Clinton St,Cook County,L,-1.776044254
Desplains Street,S Desplaines St,Cook County,L,0
Desplains Street,N Desplaines St,Cook County,R,-1.041626673
Fulton Street,W Fulton St,Cook County,L,0
Jefferson Street,N Jefferson St,Cook County,L,-2.063819729
Jefferson Street,S Jefferson St,Cook County,L,-2.219655553
15th Street,15th St,Miami-Dade County,R,88.72696998
Indiana Avenue,S Indiana Ave,Cook County,L,-1.46255322
Roosevelt Road,W Roosevelt Rd,Cook County,L,89.05304855
16th Street,E 16th St,Cook County,L,87.51044708
Delano Court,S Delano Ct E,Cook County,R,-3.751729066
Racine Avenue,S Racine Ave,Cook County,L,2.910837824
Ontariio Street,E Ontario St,Cook County,L,88.83086067
Madison Avenue,W Madison St,Cook County,L,0
Peoria Street,S Peoria St,Cook County,R,-2.219655553
Sangamon Street,S Sangamon St,Cook County,R,-1.363927533
Elizabeth Street,N Elizabeth St,Cook County,R,-0.784824605
2nd Avenue,NW 2nd Ave,Miami-Dade County,R,-2.462816677
Miami Avenue,N Miami Ave,Miami-Dade County,R,-3.814074835
Morgan Street,N Morgan St,Cook County,R,-1.735704588
Harding Avenue,Harding Ave,Miami-Dade County,L,-5.336320098
,,33154,,0.001819945
NE 2nd Avenue,NE 2nd Ave,Palm Beach County,R,-1.169139332
NE 2nd Avenue,NE 2nd St,Palm Beach County,R,0
Morgan Street,S Morgan St,Cook County,L,-1.818302965
North Leavitt Street,N Leavitt St,Cook County,L,-2.231174607
Milwaukee Avenue,N Milwaukee Ave,Cook County,L,-56.88865804
,,60622,,0.001230041
Kedzie Avenue,N Kedzie Ave,Cook County,R,-3.814074836
Diversey Avenue,W Diversey Ave,Cook County,R,0
Elm Street,Elm St,Fairfield County,R,81.48276989
Main Street,Main St,Fairfield County,R,-18.43494882
SE 2nd Avenue,SE 2nd Ave,Miami-Dade County,R,-3.17983013
SE 3rd Avenue,SE 3rd Ave,Miami-Dade County,R,-2.121096395
SE 2nd Street,SE 2nd St,Miami-Dade County,R,87.51044708
3rd Avenue,SE 3rd Ave,Miami-Dade County,R,-2.121096395
SE 1st Street,SE 1st St,Miami-Dade County,L,87.18444332
SE 1st St,SE 1st St,Miami-Dade County,L,89.0122396
E Flagler Street,E Flagler St,Miami-Dade County,L,88.15238974
SE 1st Avenue,SE 1st Ave,Miami-Dade County,R,-2.161079489
Biscayne Boulevard,Biscayne Boulevard Way,Miami-Dade County,L,86.13453883
,E Oak St,Cook County,,88.72128869
E Flagler Street,W Flagler St,Miami-Dade County,R,88.09084757
NE 4th Street,NE 4th St,Miami-Dade County,R,88.31531568
N Miami Avenue,N Miami Ave,Miami-Dade County,R,-3.772283607
NW 1st Street,NW 1st St,Miami-Dade County,L,88.75463573
NW 1st Avenue,NW 1st Ave,Miami-Dade County,R,-1.20604878
NE 1st Street,NE 1st St,Miami-Dade County,R,88.56790382
NE 2nd Street,NE 2nd St,Miami-Dade County,R,88.29527168
NE 1st Avenue,NE 1st Ave,Miami-Dade County,L,-2.121096391
NE 2nd Avenue,NE 2nd Ave,Miami-Dade County,R,-1.974934011
NE 3rd Avenue,NE 3rd Ave,Miami-Dade County,R,-1.684684317
NE 3rd Street,NE 3rd St,Miami-Dade County,L,88.75463573
S Miami Avenue,S Miami Ave,Miami-Dade County,L,-6.009005951
Wellington Avenue,W Wellington Ave,Cook County,R,89.05043314
Clematis Street,Clematis St,Palm Beach County,R,-89.02068035
North Clematis Street,N Clematis St,Palm Beach County,R,86.82016988
South Clematis Street,S Clematis St,Palm Beach County,L,-59.94562392
South Sapodilla Ave,S Sapodilla Ave,Palm Beach County,L,1.668337447
,,33139,,0.001086161
,NE 39th St,Miami-Dade County,,87.83892051
Northeast 42nd Street,NE 42nd St,Miami-Dade County,,87.73204547
North Greenview Avenue,N Greenview Ave,Cook County,L,-2.573359464
Francisco Avenue,N Francisco Ave,Cook County,L,0
California Avenue,N California Ave,Cook County,L,-2.489552923
Ravenswood Avenue,N Ravenswood Ave,Cook County,L,-2.190573864
Brickell Avenue,Brickell Ave,Miami-Dade County,L,7.512144102
Sixth Street,SE 6th St,Miami-Dade County,L,-77.82854179
5th Street,SE 5th St,Miami-Dade County,R,-83.54118363
SW 7th Street,SW 7th St,Miami-Dade County,R,87.77603876
SW 8th Street,SW 8th St,Miami-Dade County,R,87.56335175
Brickell Plaza,Brickell Plz,Miami-Dade County,L,15.30613898
9th Street,SE 9th St,Miami-Dade County,R,87.22083314
SE 10th Street,SE 10th St,Miami-Dade County,R,0
1st Avenue,SW 1st Ave,Miami-Dade County,R,0
13th Street,SW 13th St,Miami-Dade County,R,87.79740184
9th Street,SW 9th St,Miami-Dade County,L,88.43064519
10th Street,SW 10th St,Miami-Dade County,R,88.02506599
11th Street,SW 11th St,Miami-Dade County,L,88.281642
12th Street,SW 12th St,Miami-Dade County,R,87.85241457
,,33130,,0.000941552
2nd Avenue,SW 2nd Ave,Miami-Dade County,L,-3.077455399
Walnut Street,Walnut St,Philadelphia County,L,-83.72892255
15th Street,S 15th St,Philadelphia County,L,10.95406264
Broad Street,S Broad St,Philadelphia County,L,11.65929265
Halstead Street,N Halsted St,Cook County,R,-1.591140272
Bay Road,Bay Rd,Miami-Dade County,R,-1.726987751
18th Street,18th St,Miami-Dade County,L,88.54364136
Dade Boulevard,Dade Blvd,Miami-Dade County,R,61.78264414
20th Street,20th St,Miami-Dade County,L,88.07481629
Worth Avenue,Worth Ave,Palm Beach County,R,-87.99044619
Wayman Street,W Wayman St,Cook County,R,-88.64680805
Aberdeen Street,N Aberdeen St,Cook County,R,-1.701354604
,N Canal St,Cook County,,-2.779166863
Carpenter Street,N Carpenter St,Cook County,R,-2.56377021
,N Green St,Cook County,,-2.511363269
Green Street,S Green St,Cook County,R,-1.332219858
,S Green St,Cook County,,-2.683775158
,N Carpenter St,Cook County,,-2.231174607
,S Peoria St,Cook County,,-1.789910609
Peoria Street,N Peoria St,Cook County,L,-2.511363267
Desplaines Street,N Desplaines St,Cook County,R,-3.814074835
May Street,N May St,Cook County,R,-2.04540849
1st Street,1st St,Miami-Dade County,L,88.93908831
Southwest 56th Avenue,SW 56th Ave,Miami-Dade County,L,-1.718358001
Southwest 74rd Street,SW 74th St,Miami-Dade County,R,88.60281898
Post Road East,Post Rd W,Fairfield County,R,88.23217294
Datura Street,Datura St,Palm Beach County,R,-85.53284093
Ada Street,N Ada St,Cook County,R,-2.202598162
Dearborn Street,N Dearborn Pkwy,Cook County,R,-1.539838288
Liberty Avenue,Liberty Ave,Miami-Dade County,R,22.83365418
Espanola Way,Espanola Way,Miami-Dade County,R,88.53119928
Walnut Street,W Walnut St,Cook County,R,88.60281897
Wilton Drive,Wilton Dr,Broward County,L,66.08768245
,,6830,,0.001094578
,,6880,,0.000740945
Roosevelt Road,E Roosevelt Rd,Cook County,L,89.19307055
,,60647,,0.001220369
Purdy Avenue,Purdy Ave,Miami-Dade County,R,-0.716159946
West Avenue,West Ave,Miami-Dade County,L,-1.446555686
Andrews Avenue,N Andrews Ave,Broward County,L,-3.46822926
6th Street,NE 6th St,Broward County,R,87.43622979
1st Avenue,NW 1st Ave,Broward County,R,-2.109942848
5th Street,NW 5th St,Broward County,R,88.22853026
Flagler Avenue,NW Flagler Ave,Broward County,R,1.573664054
4th Street,NW 4th St,Broward County,L,89.3259631
3rd Avenue,NE 3rd Ave,Broward County,L,-3.814074826
Flagler Drive,N Flagler Dr,Broward County,R,44.2747757
4th Avenue,NE 4th Ave,Broward County,L,-2.27760896
8th Street,NE 8th St,Broward County,R,88.17203176
North Federal Highway,N Federal Hwy,Broward County,L,-1.627283322
Flagler Drive`,N Flagler Dr,Broward County,R,44.07096068
1st Avenue,NE 1st Ave,Miami-Dade County,R,-3.94518623
Buena Vista Boulevard,Buena Vista Ave,Miami-Dade County,R,12.52880771
34th Street,NE 34th St,Miami-Dade County,L,88.00790643
2nd Avenue,NE 2nd Ave,Miami-Dade County,R,-3.366460654
2nd Court,NE 2nd Ct,Miami-Dade County,L,-2.121096397
29th Street,NE 29th St,Miami-Dade County,L,88.06941256
24th Street,NE 24th St,Miami-Dade County,R,88.04749095
Wilson Avenue,W Wilson Ave,Cook County,L,89.2097635
,,60640,,0.000561201
Clarendon Avenue,N Clarendon Ave,Cook County,R,-2.489552923
County Road,S County Rd,Palm Beach County,R,0.682060395
James Avenue,James Ave,Miami-Dade County,R,-2.070030652
16th Street,16th St,Miami-Dade County,L,88.51213247
Sunset Drive,Sunset Dr,Miami-Dade County,R,86.87786953
Southwest 57th Avenue,SW 57th Ave,Miami-Dade County,R,-1.218875232
Southwest 57th Court,SW 57th Ct,Miami-Dade County,L,-1.245364267
Southwest 58th Avenue,SW 58th Ave,Miami-Dade County,L,-4.085616768
Southwest 73rd Street,SW 73rd St,Miami-Dade County,L,0
Southwest 58th Court,SW 58th Ct,Miami-Dade County,R,-2.862405227
Southwest 59th Avenue,SW 59th Ave,Miami-Dade County,L,-1.259045208
Miracle Mile,Miracle Mile,Miami-Dade County,L,86.18592517
Ponce de Leon Boulevard,Ponce de Leon Blvd,Miami-Dade County,R,-1.808739325
,,33134,,0.000480937
Aragon Avenue,Aragon Ave,Miami-Dade County,L,85.26092768
Giralda Avenue,Giralda Ave,Miami-Dade County,L,85.57871058
Alhambrah Circle,Alhambra Cir,Miami-Dade County,L,86.03534527
Alhambra Circle,Alhambra Cir,Miami-Dade County,R,84.95754893
Salzedo Street,Salzedo St,Miami-Dade County,L,-2.260501914
11th Street,E 11th St,Cook County,R,89.63035494
Grand Avenue,Grand Ave,Miami-Dade County,L,88.05380488
Main Highway,Main Hwy,Miami-Dade County,R,31.82744658
Commodore Plaza,Commodore Plz,Miami-Dade County,R,-45.6740369
Chestnut Street,W Chestnut St,Cook County,L,88.88398961
Oak Street,W Oak St,Cook County,R,89.23610154
Delware Place,E Delaware Pl,Cook County,R,89.59075139
Financial Place,S Financial Pl,Cook County,L,0
29th Street,NW 29th St,Miami-Dade County,R,88.0136593
25th Street,NW 25th St,Miami-Dade County,R,88.06319961
,,33127,,0.001990904
23rd Street,NW 23rd St,Miami-Dade County,L,87.76882539
24th Street,NW 24th St,Miami-Dade County,L,88.02019348
1st Street,NW 21st St,Miami-Dade County,L,88.21008939
20th Street,NW 20th St,Miami-Dade County,R,88.21008939
26th Street,NW 26th St,Miami-Dade County,L,88.85423716
28th Street,NW 28th St,Miami-Dade County,R,87.65072135
3rd Avenue,NW 3rd Ave,Miami-Dade County,L,-3.179830121
27th Street,NW 27th St,Miami-Dade County,L,87.99546597
23th Street,NW 23rd St,Miami-Dade County,R,88.12919494
5th Avenue,NW 5th Ave,Miami-Dade County,L,-1.636577037
Harrison Street,W Harrison St,Cook County,R,89.60486296
Cermak Road,E Cermak Rd,Cook County,R,-89.19307055
18th Street,W 18th St,Cook County,L,89.39049342
13th Street,E 13th St,Cook County,R,89.3259631
Racine Avenue,N Racine Ave,Cook County,L,-1.456358633
Ogden Avenue,W Ogden Ave,Cook County,R,50.65948184
Laflin Street,S Laflin St,Cook County,R,-4.573921261
Ashland Avenue,S Ashland Ave,Cook County,L,-2.92072152
Atlantic Avenue,E Atlantic Ave,Palm Beach County,L,-89.4270613
Park Avenue,Park Ave N,Orange County,L,-0.622755686
Park Avenue,S Park Ave,Orange County,L,-8.212780189
Wilwaukee Avenue,N Milwaukee Ave,Cook County,L,-58.17255342
31st Street,31st St,Miami-Dade County,L,-70.55996517
Indian Creek Drive,Indian Creek Dr,Miami-Dade County,R,17.19854122
Hollywood Boulevard,Hollywood Blvd,Broward County,L,88.04749095
Harrison Street,Harrison St,Broward County,R,88.86557837
Biscayne Boulevard,S Biscayne Blvd,Miami-Dade County,L,-18.43494882
Diversey Parkway,W Diversey Ave,Cook County,R,88.89829389
,,60625,,0.000620322
Foster Avenue,W Foster Ave,Cook County,L,88.60281898
Kimball Avenue,N Kimball Ave,Cook County,L,0
,,60660,,0.000620322
Catalpa Avenue,W Catalpa Ave,Cook County,R,88.91907582
Cortland Street,W Cortland St,Cook County,L,88.59137127
1st Avenue,NW 1st Ave,Miami-Dade County,R,-1.776044251
Dixie Highway,S Dixie Hwy,Miami-Dade County,R,53.13010235
1st Place,NW 1st Pl,Miami-Dade County,L,-2.08256528
Wacker Place,E Wacker Pl,Cook County,R,0
Lawerence Avenue,W Lawrence Ave,Cook County,R,0
Randolph Avenue,W Randolph St,Cook County,,-86.63353934
Beaubien Court,N Beaubien Ct,Cook County,R,-1.909152432
Brickell Key Drive,Brickell Key Dr,Miami-Dade County,L,-24.53772847
Brickell Key Drive,Brickell Key Blvd,Miami-Dade County,R,-27.7585406
12th Street,SE 12th St,Miami-Dade County,R,-77.26035321
Brickell Bay Drive,Brickell Bay Dr,Miami-Dade County,R,13.44861505
12th Terrace,SE 12th Ter,Miami-Dade County,R,-78.11134196
13th Street,SE 13th St,Miami-Dade County,R,-78.04812487
14th Street,SE 14th St,Miami-Dade County,R,-76.8659777
15th Road,SE 15th Rd,Miami-Dade County,R,-58.66230968
8th Street,SW 8th St,Miami-Dade County,L,87.86574124
8th Street,SE 8th St,Miami-Dade County,L,88.64680805
SW 6th Street,SW 6th St,Miami-Dade County,L,0
Miami Avenue Road,SW Miami Ave Rd,Miami-Dade County,L,52.43140797
3rd Avenue,SW 3rd Ave,Miami-Dade County,L,-1.181188914
SW 9th Street,SW 9th St,Miami-Dade County,L,88.32516201
SW 10th Street,SW 10th St,Miami-Dade County,L,87.32144874
SW 11th Street,SW 11th St,Miami-Dade County,R,87.59402948
SW 5th Street,SW 5th St,Miami-Dade County,L,84.09385889
6th Avenue,NW 6th Ave,Miami-Dade County,R,-1.193489424
West 26th Street,NW 26th St,Miami-Dade County,R,87.96496554
27th Street Ter,NW 27th Ter,Miami-Dade County,L,88.01529689
,,60611,,0.000943398
Mary Street,Mary St,Miami-Dade County,R,-2.462816677
Florida Avenue,Florida Ave,Miami-Dade County,L,88.2986454
Virginia Street,Virginia St,Miami-Dade County,L,-1.245364267
McFarlane Road,McFarlane Rd,Miami-Dade County,R,-50.1944289
,,Miami-Dade County,,-3.447386851
Fuller Street,Fuller St,Miami-Dade County,R,-37.40535663
Front Street,Front St,Monroe County,L,-2.045408496
Caroline Street,Caroline St,Monroe County,L,61.46001481
Southard Street,Southard St,Monroe County,R,59.53445508
Whitehead Street,Whitehead St,Monroe County,L,-36.86989765
Eaton Street,Eaton St,Monroe County,R,57.39540683
,,33040,,0.001317649
Fleming Street,Fleming St,Monroe County,L,59.93141718
Elizabeth Street,Elizabeth St,Monroe County,R,-36.86989764
Greene Street,Greene St,Monroe County,R,57.05078488
Simonton Street,Simonton St,Monroe County,R,-38.10757687
Fitzpatrick Street,Fitzpatrick St,Monroe County,R,-37.23483398
Wall Street,Wall St,Monroe County,L,19.29004622
Applerouth Lane,Applerouth Ln,Monroe County,R,55.95406264
Ann Street,Ann St,Monroe County,L,-36.61675152
Southwest 71st Street,SW 71st St,Miami-Dade County,L,0
Miami Court,NW Miami Ct,Miami-Dade County,L,-1.748946045
22nd Street,NW 22nd St,Miami-Dade County,R,87.58897026
1st Court,NW 1st Ct,Miami-Dade County,R,-2.202598161
Ocean Court,Ocean Ct,Miami-Dade County,R,12.22512268
8th Street,8th St,Miami-Dade County,L,-79.79602628
NW 22nd Street,NW 22nd St,Miami-Dade County,R,87.73949809
20th Street,NE 20th St,Miami-Dade County,L,87.56335175
Miami Court,NE Miami Ct,Miami-Dade County,R,25.01689348
28th Street,NE 28th St,Miami-Dade County,R,88.41618843
27th Street,NE 27th St,Miami-Dade County,L,88.53119929
26th Street,NE 26th St,Miami-Dade County,R,88.29527168
NW 26th St,NW 26th St,Miami-Dade County,R,87.96496554
,NW 27th St,Miami-Dade County,,88.25549016
,NW 24th St,Miami-Dade County,,88.2686648
Commerce Street,Commerce St,Miami-Dade County,L,88.7635924
,E Flagler St,Miami-Dade County,,88.15238974
NW Miami Ct,NW Miami Ct,Miami-Dade County,R,-1.753404862
N Miami Ave,N Miami Ave,Miami-Dade County,L,-1.527525443
Brickell Ave,Brickell Ave,Miami-Dade County,R,13.85141901
,,33143,,0.00015
Atlantic Avenue,W Atlantic Ave,Palm Beach County,L,84.12260739
2nd Avenue,SE 2nd Ave,Palm Beach County,R,-1.123302714
2nd Avenue,NE 2nd Ave,Palm Beach County,R,-1.292166885
4th Avenue,NE 4th Ave,Palm Beach County,L,-1.273030019
5th Avenue,NE 5th Ave,Palm Beach County,L,-1.273030017
5th Avenue,SE 5th Ave,Palm Beach County,L,-1.123302718
7th Avenue,SE 7th Ave,Palm Beach County,R,-1.997879859
Venetian Drive,Venetian Dr,Palm Beach County,L,4.838898801
Ocean Boulevard,S Ocean Blvd,Palm Beach County,L,12.0305961
17th Street,17th St,Miami-Dade County,L,88.15238973
Merrick Way,Merrick Way,Miami-Dade County,R,-54.24611274
37th Avenue,SW 37th Ave,Miami-Dade County,R,-2.08256528
Andalusia Avenue,Andalusia Ave,Miami-Dade County,L,86.94341955
Valencia Avenue,Valencia Ave,Miami-Dade County,R,86.68221883
Almeria Avenue,Almeria Ave,Miami-Dade County,R,86.6499236
Sevilla Avenue,Sevilla Ave,Miami-Dade County,R,86.79051368
Tamarind Avenue,S Tamarind Ave,Palm Beach County,L,0
Olive Avenue,S Olive Ave,Palm Beach County,L,1.134421631
Olive Avenue,N Olive Ave,Palm Beach County,L,0
Narcissus Avenue,S Narcissus Ave,Palm Beach County,L,1.123302714
Clematis Street,N Clematis St,Palm Beach County,R,86.82016988
Flagler Drive,N Flagler Dr,Palm Beach County,R,-47.20259816
Clematis Street,S Clematis St,Palm Beach County,R,-59.94562392
Cocoanut Row,Cocoanut Row,Palm Beach County,R,1.380354074
Via Parigi,Via Parigi,Palm Beach County,R,1.380354074
Via Mizner,Via Mizner,Palm Beach County,R,28.61045968
Peruvian Avenue,Peruvian Ave,Palm Beach County,L,-88.31531568
Hibiscus Avenue,Hibiscus Ave,Palm Beach County,R,8.914926954
Andrews Avenue,S Andrews Ave,Broward County,L,-4.184916123
Las Olas Boulevard,W Las Olas Blvd,Broward County,R,88.80651058
1st Avenue,SE 1st Ave,Broward County,L,1.591140276
2nd Avenue,SE 2nd Ave,Broward County,R,-3.503531645
4th Street,SE 4th St,Broward County,R,88.75463573
7th Avenue,NE 7th Ave,Broward County,R,-28.39301942
9th Avenue,NE 9th Ave,Broward County,L,-0.493916897
11th Avenue,NE 11th Ave,Broward County,L,1.134421631
Bay Harbor Drive,E Bay Harbor Dr,Miami-Dade County,L,-18.26790621
Bay Harbor Drive,W Bay Harbor Dr,Miami-Dade County,L,-3.652222782
97th Street,97th St,Miami-Dade County,L,87.56335175
95th Street,95th St,Miami-Dade County,L,87.53188209
96th Street,96th St,Miami-Dade County,L,79.87532834
Abbott Avenue,Abbott Ave,Miami-Dade County,R,-5.278646064
Oak Avenue,Oak Ave,Miami-Dade County,R,87.75425743
Rice Street,Rice St,Miami-Dade County,L,-3.110840653
Federal Highway,N Federal Hwy,Miami-Dade County,R,14.82647997
NE 4th Court,NE 4th Ct,Miami-Dade County,L,1.353191953
NE 72nd Terrace,NE 72nd Ter,Miami-Dade County,L,68.58703053
,,33138,,0.00213115
NE 78th Street,NE 78th St,Miami-Dade County,L,85.47754585
NE 79th Street,NE 79th St,Miami-Dade County,R,88.77242117
NE 81st Street,NE 81st St,Miami-Dade County,R,88.56790382
Miami Avenue,S Miami Ave,Miami-Dade County,L,-1.789910603
Biscayne Boulevard Way,Biscayne Boulevard Way,Miami-Dade County,L,86.13453883
Chopin Plaza,Chopin Plz,Miami-Dade County,L,-86.13453883
2nd Street,SE 2nd St,Miami-Dade County,L,88.31531568
1st Avenue,SE 1st Ave,Miami-Dade County,L,-1.123302711
Flagler Street,E Flagler St,Miami-Dade County,L,88.21008939
NE 2nd Avenue,NE 2nd St,Miami-Dade County,L,87.61405597
NW 8th Street,NW 8th St,Miami-Dade County,L,89.41833694
NE 8th Street,NE 8th St,Miami-Dade County,R,88.09084757
NE 5th Street,NE 5th St,Miami-Dade County,L,87.58049078
NE 9th Street,NE 9th St,Miami-Dade County,R,88.98900295
NE 11th Street,NE 11th St,Miami-Dade County,R,86.63353933
NE 10th Street,NE 10th St,Miami-Dade County,R,87.96668433
Main Street,Main St,Morris County,R,-59.15341259
Front Street,E Front St,Monmouth County,L,75.01836743
Newark Avenue,Newark Ave,Hudson County,R,-62.35402464
George Street,George St,Middlesex County,L,-13.67130713
Washington Street,Washington St,Morris County,R,-53.13010236
South Street,South St,Morris County,,-52.69605172
Main Street,Main St,Essex County,L,-67.9887168
Main Street,S Main St,Essex County,L,-47.40597051
Ferry Street,Ferry St,Essex County,R,-49.18491613
JFK Boulevard,John F Kennedy Blvd,Hudson County,L,-85.28524548
Washington Street,Washington St,Hudson County,R,16.31385243
Newark Street,Newark St,Hudson County,R,-79.69515353
Broad Street,Broad St,Monmouth County,R,-4.398705355
Front Street,W Front St,Monmouth County,L,74.33183958
Central Avenue,Central Ave,Union County,L,-32.15229514
Quimby Street,Quimby St,Union County,L,52.22431569
East Broad Street,E Broad St,Union County,L,46.97493401
Palisade Avenue,W Palisade Ave,Bergen County,L,-60.37625125
Palisade Avenue,E Palisade Ave,Bergen County,R,-59.03624347
Bloomfield Avenue,Bloomfield Ave,Essex County,R,-52.39959466
Church Street,Church St,Essex County,L,-89.23097532
Valley Road,Valley Rd,Essex County,L,-3.731397
Market Street,Market St,Passaic County,R,-75.00492087
Elm Street,North Ave W,Union County,L,80.53767779
Elm Street,Elm St,Union County,L,-10.61965528
Broad Street,Broad St,Union County,R,-14.2645123
,Broad St,Monmouth County,,-4.398705355
South Park Street,S Park St,Essex County,R,16.47042844
Dean Street,S Dean St,Bergen County,R,31.12761437
South Park Place,S Park Pl,Morris County,R,61.84380855
West Park Place,W Park Pl,Morris County,L,-50.71059314
North Park Place,N Park Pl,Morris County,R,49.66685837
Broad Street,N Broad St,Bergen County,R,22.5205656
Ridgewood Avenue,E Ridgewood Ave,Bergen County,R,-86.49646836
Morris Turnpike,Morris Tpke,Essex County,R,-64.09349201
Morris Turnpike,Morris Tpke,Union County,L,-64.04123074
Nassau Street,Nassau St,Mercer County,,74.4274564
Palmer Square,Palmer Sq W,Mercer County,L,-37.07307332
Palmer Square,Palmer Sq E,Mercer County,L,-5.339236803
Witherspoon Street,Witherspoon St,Mercer County,L,-23.70264595
Franklin Avenue,Franklin Ave,Bergen County,R,-78.04341576
Chestnut Street,Chestnut St,Bergen County,L,19.89225705
Oak Street,Oak St,Bergen County,R,17.56501469
Essex Street,Essex St,Essex County,R,70.14478563
Millburn Avenue,Millburn Ave,Essex County,L,74.0546041
Springfield Avenue,Springfield Ave,Essex County,L,82.07307332
Main Avenue,Main Ave,Passaic County,L,-42.13759477
Lexington Avenue,Lexington Ave,Passaic County,R,-7.125016344
Main Street,Main St,Passaic County,L,7.386043151
Westwood Avenue,Westwood Ave,Bergen County,R,65.94265055
,,7675,,0.001263233
Washington Avenue,N Washington Ave,Bergen County,L,13.17255342
Washington Avenue,S Washington Ave,Bergen County,R,16.13727656
Market Street,Market St,Essex County,R,-74.1342922
Broad Street,Broad St,Essex County,,29.7448813
Springfield Avenue,Springfield Ave,Union County,R,83.08877289
Bergenline Avenue,Bergenline Ave,Hudson County,L,37.6656212
Palmer Square,Palmer Sq S,Mercer County,L,75.5297059
,,7093,,0.000442832
,Chestnut St,Bergen County,,19.89225705
Dean Street,N Dean St,Bergen County,R,31.3902681
Grand Avenue,Grand Ave,Bergen County,L,35.05942697
Hudson Street,Hudson St,Hudson County,L,15.25511871
River Street,River St,Hudson County,R,15.64224646
Sinatra Drive,Sinatra Dr,Hudson County,R,-30.25643716
North Avenue West,North Ave W,Union County,L,82.97160376
,Main St,Morris County,,-76.32869287
Maple Street,Maple St,Union County,L,18.43494882
Summit Avenue,Summit Ave,Union County,L,2.544804381
Union Place,Union Pl,Union County,L,-79.9920202
Monmouth Street,Monmouth St,Monmouth County,,84.65082257
,,7701,,0.000470744
,,NJ,Newark Avenue,Newark Ave
,,7940,,0.001720378
Bergen Avenue,Bergen Ave,Hudson County,L,47.25457497
Beechwood Road,Beechwood Rd,Union County,L,1.909152428
Broadway,Broadway,Hudson County,L,39.98688625
Broadway R,Broadway,Hudson County,,40.27986307
First Street,1st St,Hudson County,L,-80.02794231
Smith St,Smith St,Middlesex County,L,-75.06858282
Waverly Place,Waverly Pl,Morris County,R,51.17017509
,,7901,,0.00099985
Spring Street,Spring St,Mercer County,R,74.89890184
Tulane Street,S Tulane St,Mercer County,L,-20.48701419
Route 22,US-22,Somerset County,R,65.55604522
Dempsey Avenue,Dempsey Ave,Bergen County,R,-60.69779252
River Road,River Rd,Bergen County,R,33.02386755
River Road,Old River Rd,Bergen County,L,31.67546874
River Road,Old River Rd,Hudson County,L,18.43494881
Stelton Road,Stelton Rd,Middlesex County,R,-82.72300581
1st Street,1st St,Hudson County,L,-84.12260739
Christopher Columbus Drive,Christopher Columbus Dr,Hudson County,R,-73.07248694
Jersey Avenue,Jersey Ave,Hudson County,R,28.61045967
Grove Street,Grove St,Hudson County,L,28.9797077
,,7302,,0.000707107
Route 17,RT-17 N,Bergen County,R,9.462322207
Route 17,RT-17 S,Bergen County,L,-22.38013505
Hulfish Street,Hulfish St,Mercer County,,73.36904629
Montgomery Street,Montgomery St,Hudson County,L,-83.45370922
Erie Street,Erie St,Hudson County,R,8.880659149
