Address,City,State,Zip,Store Type
503 FULTON ST,BROOKLYN,NY,11201,Outlet
610 AVENUE OF THE AMERICAS,NEW YORK,NY,10011,Maternity
625 ATLANTIC AVENUE,BROOKLYN,NY,11217,
150 W 34TH ST,NEW YORK,NY,10001,Maternity
3115 KENNEDY BLVD,NORTH BERGEN,NJ,07047,Maternity
701 STATE ROUTE 440,JERSEY CITY,NJ,07304,Maternity
1009 FLATBUSH AVENUE,BROOKLYN,NY,11226,Outlet
34-03 48TH ST,LONG ISLAND CITY,NY,11101,
517 E. 117TH STREET,NEW YORK,NY,10029,
485 RIVER ROAD,EDGEWATER,NJ,07020,
300 W 125TH ST,NEW YORK,NY,10027,Maternity
9605 QUEENS BLVD 3RD FL,REGO PARK,NY,11374,Maternity
381 Gateway Dr,BROOKLYN,NY,11239,Maternity
5141 KINGS PLZ,BROOKLYN,NY,11234,
40-24 COLLEGE POINT BLVD,FLUSHING,NY,11354,
651 KAPKOWSKI RD,ELIZABETH,NJ,07201,Outlet
13915 20TH AVE,COLLEGE POINT,NY,11356,
159-18 JAMAICA AVENUE,JAMAICA,NY,11432,
845 WHITE PLAINS RD,BRONX,NY,10473,
364-368 EAST FORDHAM ROAD,BRONX,NY,10458,
2845 RICHMOND AVE,STATEN ISLAND,NY,10314,
200 BAYCHESTER AVE,BRONX,NY,10475,
670 BERGEN TOWN CENTER,PARAMUS,NJ,07652,"Maternity, Outlet"
649 WEST EDGAR ROAD,LINDEN,NJ,07036,
1093 GREEN ACRES MALL,VALLEY STREAM,NY,11581,
4010 XAVIER DR,YONKERS,NY,10704,Maternity
700 PARAMUS PARK,PARAMUS,NJ,07652,
697 HILLSIDE AVE,NEW HYDE PARK,NY,11040,
1400 WILLOWBROOK MALL,WAYNE,NJ,07470,Maternity
112 EISENHOWER PKWY,LIVINGSTON,NJ,07039,
205 MARKET STREET,YONKERS,NY,10710,
140 FULTON AVE,HEMPSTEAD,NY,11550,
447 MENLO PARK,EDISON,NJ,08837,Maternity
970 OLD COUNTRY ROAD,GARDEN CITY,NY,11530,
2130 State Route 35,HOLMDEL,NJ,07733,
1515 US HIGHWAY 22,WATCHUNG,NJ,07069,Maternity
TBD,CEDAR KNOLLS,NJ,07927,
977 VALLEY RD,GILLETTE,NJ,07933,
100 Main Street,WHITE PLAINS,NY,10601,
464 BROADWAY MALL,HICKSVILLE,NY,11801,
3561 HEMPSTEAD TPK,LEVITTOWN,NY,11756,
TBD,PORT CHESTER,NY,10573,
1470 Palisades Center Drive,WEST NYACK,NY,10994,Maternity
755 STATE ROUTE 18,EAST BRUNSWICK,NJ,08816,
180 STATE ROUTE 35 S,EATONTOWN,NJ,07724,
300 PROMENADE BLVD,BRIDGEWATER,NJ,08807,Maternity
839-114 NEW YORK AVENUE,HUNTINGTON,NY,11743,
2175 SUMMER STREET,STAMFORD,CT,06905,
881 W MONTAUK HWY,WEST BABYLON,NY,11704,
3710 US HIGHWAY 9,FREEHOLD,NJ,07728,Maternity
850 ARCHES CIRCLE,DEER PARK,NY,11729,"Maternity, Outlet"
5041 JERICHO TURNPIKE,COMMACK,NY,11725,
880 SUNRISE HWY,BAYSHORE,NY,11706,Maternity
30 INTERNATIONAL DR S,FLANDERS,NJ,07836,Maternity
500 CONNECTICUT AVE,NORWALK,CT,06854,Maternity
128 BAILEY FARM ROAD,MONROE,NY,10950,
3131 E. Main Street,MOHEGAN LAKE,NY,10547,
640 ROUTE 70,BRICKTOWN,NJ,08723,
200 QUAKERBRIDGE MALL,LAWRENCEVILLE,NJ,08648,
5175 SUNRISE HWY,BOHEMIA,NY,11716,
2089 SMITHHAVEN PLAZA,LAKE GROVE,NY,11755,Maternity
190 MARKETPLACE BOULEVARD,HAMILTON TWP,NJ,08691,
2215 BLACK ROCK TPKE,FAIRFIELD,CT,06825,
1201 HOOPER AVE,TOMS RIVER,NJ,08753,Maternity
7 BACKUS AVE,DANBURY,CT,06810,Maternity
5065 Main St.,TRUMBULL,CT,06611,
470 ROUTE 211 EAST,MIDDLETOWN,NY,10940,
140 COMMERCE BLVD,FAIRLESS HILLS,PA,19030,Maternity
1200 US HIGHWAY 22 STE 612,PHILLIPSBURG,NJ,08865,
1212 BOSTON POST RD,MILFORD,CT,06460,
2001 SOUTH RD,POUGHKEEPSIE,NY,12601,
1207 FRANKLIN MILLS CIRCLE,PHILADELPHIA,PA,19154,Outlet
Heller Street and Route 611,STROUDSBURG,PA,18360,
976 WEST STREET ROAD,WARMINSTER,PA,18974,
1947 OLD COUNTRY RD.,RIVERHEAD,NY,11901,Outlet
2546 W MORELAND RD,WILLOW GROVE,PA,19090,
33 AIRPORT SQ,NORTH WALES,PA,19454,Maternity
2335 Dixwell Ave.,HAMDEN,CT,06514,
1101 NIXON DR,MOORESTOWN,NJ,08057,
730 ROUTE 73 SOUTH,MARLTON,NJ,08053,Maternity
4640 ROOSEVELT BLVD,PHILADELPHIA,PA,19124,
3060 CENTER VALLEY PARKWAY,CENTER VALLEY,PA,18034,Maternity
941 AIRPORT CENTER DRIVE,ALLENTOWN,PA,18109,
2000 ROUTE 38,CHERRY HILL,NJ,08002,Maternity
495 UNION ST,WATERBURY,CT,06706,
2440 CHEMICAL RD,PLYMOUTH MEETING,PA,19462,Maternity
1618-22 CHESTNUT STREET,PHILADELPHIA,PA,19103,
1851 SO COLUMBUS BLVD,PHILADELPHIA,PA,19148,
60 EAST WYNNEWOOD ROAD,WYNNEWOOD,PA,19096,Maternity
34 SOUTH 69TH ST.,UPPER DARBY,PA,19082,
1557 ALMONESSON RD,DEPTFORD,NJ,08096,
640 W. DEKALD PIKE,KING OF PRUSSIA,PA,19406,Maternity
TBD,COLLEGEVILLE,PA,19426,
100 PREMIUM OUTLETS DRIVE,BLACKWOOD,NJ,08012,Outlet
470 LEWIS AVENUE,MERIDEN,CT,06450,
1300 ULSTER AVE,KINGSTON,NY,12401,
141 TUCKAHOE ROAD,SEWELL,NJ,08080,
400 S STATE RD,SPRINGFIELD,PA,19064,Maternity
286 NEW BRITAIN AVE,PLAINVILLE,CT,06062,
100-150 CITADEL DR.,COMMERCE,CA,90040,"Maternity, Outlet"
100 N. LA CIENEGA BLVD,LOS ANGELES,CA,90048,
3470 WEST CENTURY BLVD,INGLEWOOD,CA,90303,
2134 MONTEBELLO TOWN CENTER,MONTEBELLO,CA,90640,
West Field Culver City Mall,CULVER CITY,CA,90230,
201 E. MAGNOLIA BLVD,BURBANK,CA,91505,
12090 Lakewood Blvd,DOWNEY,CA,90242,
3369 E Foothill Blvd,PASADENA,CA,91107,Maternity
400 S BALDWIN AVE,ARCADIA,CA,91007,
1800 ROSECRANS AVE,MANHATTAN BEACH,CA,90266,Maternity
20700 AVALON BLVD,CARSON,CA,90746,
1232 3rd Street Promenade,SANTA MONICA,CA,90401,Maternity
11159 183RD ST.,CERRITOS,CA,90703,
15610 WHITTWOOD LANE,WHITTIER,CA,90603,
7872-A N. VAN NUYS BLVD,PANORAMA CITY,CA,91402,
3525 W Carson St #77,TORRANCE,CA,90503,
7430 CARSON BLVD,LONG BEACH,CA,90808,Maternity
17651 COLIMA AVENUE,CITY OF INDUSTRY,CA,91748,
9301 TAMPA AVE,NORTHRIDGE,CA,91324,Maternity
570 NORTH EUCLID ST,ANAHEIM,CA,92801,
1321 E. GLADSTONE ST,GLENDORA,CA,91740,
6737 FALLBROOK AVE,WEST HILLS,CA,91307,
7777 EDINGER AVE,HUNTINGTON BEACH,CA,92647,
20 CITY BLVD W,ORANGE,CA,92868,"Maternity, Outlet"
13860 CITY CENTER DRIVE,CHINO HILLS,CA,91709,
25650 THE OLD ROAD,VALENCIA,CA,91381,
901 S Coast Dr,COSTA MESA,CA,92626,
2899 EL CAMINO REAL,TUSTIN,CA,92782,Maternity
205 N MOORPARK RD,THOUSAND OAKS,CA,91360,
1233 W RANCHO VISTA BLVD STE 421,PALMDALE,CA,93551,
10788 FOOTHILL BLVD,RANCHO CUCAMONGA,CA,91730,
1 Mills Circle,ONTARIO,CA,91764,"Maternity, Outlet"
634 SPECTRUM CENTER DRIVE,IRVINE,CA,92618,
26742 PORTOLA PKWY,FOOTHILL RANCH,CA,92610,
3417 GRAND OAKS,CORONA,CA,92881,
27130 ALICIA PKWY,LAGUNA NIGUEL,CA,92677,
555 THE SHOPS AT MISSION VIEJO,MISSION VIEJO,CA,92691,Maternity
2650 Canyon Springs Parkway,RIVERSIDE,CA,92507,Maternity
3301 E. MAIN ST,VENTURA,CA,93003,Maternity
27461 SAN BERNARDINO AVE,REDLANDS,CA,92374,
40820 WINCHESTER RD,TEMECULA,CA,92591,
5701 OUTLETS AT TEJON PARKWAY,ARVIN,CA,93203,
1821 University Drive,VISTA,CA,92083,Maternity
2796 TANGER WAY,BARSTOW,CA,92311,Outlet
1137 STATE STREET,SANTA BARBARA,CA,93101,
230 E VIA RANCHO PARKWAY,ESCONDIDO,CA,92025,
2701 MING AVE,BAKERSFIELD,CA,93304,Maternity
150 NORTH STATE STREET,CHICAGO,IL,60601,
150 ROOSEVELT ROAD,CHICAGO,IL,60605,
1596 N KINGSBURY ST,CHICAGO,IL,60622,Maternity
1730 WEST FULLERTON AVENUE,CHICAGO,IL,60614,
417 N HARLEM AVE,OAK PARK,IL,60301,
3333 W TOUHY AVE,LINCOLNWOOD,IL,60712,
7601 S CICERO AVE,CHICAGO,IL,60652,
4131 HARLEM AVE,NORRIDGE,IL,60706,
7501 WEST CERMAK ROAD,NORTH RIVERSIDE,IL,60546,
680 CHICAGO RIDGE MALL,CHICAGO,IL,60415,
9435 SKOKIE BLVD,SKOKIE,IL,60077,Maternity
8315 West Golf Rd,NILES,IL,60714,Maternity
2155 W 22ND ST,OAK BROOK,IL,60523,Maternity
45 SKOKIE BLVD,NORTHBROOK,IL,60062,
1015 NORTH ELMHURST ROAD,MT PROSPECT,IL,60056,
1150 - 75TH ST,DOWNERS GROVE,IL,60516,
105 ORLAND PARK PLACE,ORLAND PARK,IL,60462,Maternity
1498 GOLF ROAD,SCHAUMBURG,IL,60173,
7410 WEST 191st STREET,TINLEY PARK,IL,60477,
346 W Army Trail Rd,BLOOMINGDALE,IL,60108,Maternity
100 US HWY 41,SCHERERVILLE,IN,46375,Maternity
20505 N RAND RD,KILDEER,IL,60047,
701 N. Milwaukee Ave Suite 208,VERNON HILLS,IL,60061,
220 S STATE ROUTE 59,NAPERVILLE,IL,60540,Maternity
2164 E 80TH AVE,MERRILLVILLE,IN,46410,
1650 PREMIUM OUTLETS BLVD,AURORA,IL,60504,Outlet
2711 PLAINFIELD RD,JOLIET,IL,60435,
1572 S RANDALL RD,GENEVA,IL,60134,
1640 NEW DOUGLAS ROAD,OSWEGO,IL,60543,
221 LIGHTHOUSE PL,MICHIGAN CITY,IN,46360,Outlet
6921 GRAND AVE,GURNEE,IL,60031,Maternity
1824 S RANDALL RD,ALGONQUIN,IL,60102,Maternity
3220 SHOPPERS DRIVE,MCHENRY,IL,60051,
11211 120TH AVE,PLEASANT PRAIRIE,WI,53158,Outlet
1290 E IRELAND RD,SOUTH BEND,IN,46614,Maternity
6143 East State St,ROCKFORD,IL,61108,
4510 GRAPE RD,MISHAWAKA,IN,46545,
5300 South 76th Street,GREENDALE,WI,53129,
11500 WEST BURLEIGH ST,WAUWATOSA,WI,53222,
5810 N BAYSHORE,MILWAUKEE,WI,53217,
2900 DEERFIELD DR,JANESVILLE,WI,53546,
5000 WESTHEIMER RD,HOUSTON,TX,77056,Maternity
580 GULFGATE CENTER,HOUSTON,TX,77087,
260 MEYERLAND PLAZA MALL,HOUSTON,TX,77096,Maternity
303 Memorial City,HOUSTON,TX,77024,
13788 Northwest Fwy,HOUSTON,TX,77040,
2708 SMITH RANCH ROAD,PEARLAND,TX,77584,
5778 FAIRMONT PKWY,PASADENA,TX,77505,
14257 E. SAM HOUSTON PKWY N,HOUSTON,TX,77044,
12634 FOUNTAIN LAKE CIRCLE,STAFFORD,TX,77477,Outlet
1002 WILLOWBROOK MALL,HOUSTON,TX,77070,
6867 HIGHWAY 6 N,HOUSTON,TX,77084,
20510 HIGHWAY 59 N,HUMBLE,TX,77338,
2575 TOWN CENTER BLVD N,SUGAR LAND,TX,77479,
1431 W Bay Area Blvd,WEBSTER,TX,77598,Maternity
22509 TOMBALL PARKWAY,TOMBALL,TX,77375,Maternity
4561 Garth Rd.,BAYTOWN,TX,77521,
28720 HIGHWAY 290,CYPRESS,TX,77433,
5000 KATY MILLS CIRCLE,KATY,TX,77494,"Maternity, Outlet"
19075 INTERSTATE 45 S,SHENANDOAH,TX,77385,
5885 GULF FREEWAY FRONTAGE ROAD,TEXAS CITY,TX,77592,Outlet
2908 I 45N,CONROE,TX,77303,
6155 EASTEX FREEWAY,BEAUMONT,TX,77706,
2050E TEXAS AVENUE SOUTH,COLLEGE STATION,TX,77840,
3020 BRANDYWINE PKWY,WILMINGTON,DE,19803,
277 MAIN ST,EXTON,PA,19341,Maternity
303 WEST MAIN STREET,CHRISTIANA,DE,19702,Maternity
3849 S Delsea Dr,VINELAND,NJ,08360,
250 CONSUMER SQ,MAYS LANDING,NJ,08330,
833 N. KROCKS ROAD,ALLENTOWN,PA,18106,
1045 Woodland Road,READING,PA,19610,Maternity
119 N. MICHIGAN AVENUE,ATLANTIC CITY,NJ,08401,Outlet
1365 N DUPONT HWY,DOVER,DE,19901,Outlet
1700-F FRUITVILLE PIKE,LANCASTER,PA,17601,Maternity
3473 MERCHANT BLVD,ABINGDON,MD,21009,
8123 HONEYGO BLVD,BALTIMORE,MD,21236,
46 OUTLET SQUARE,HERSHEY,PA,17033,Outlet
"Route 93, Laurel Mall",HAZLETON,PA,18201,
395 OUTLET CENTER DRIVE,QUEENSTOWN,MD,21658,Outlet
170 W RIDGELY ROAD,LUTHERVILLE,MD,21093,Maternity
36698 BAYSIDE OUTLET DR.,REHOBOTH,DE,19971,Outlet
3753 BOSTON STREET,BALTIMORE,MD,21224,
437 ARENA HUB PLZ,WILKES-BARRE,PA,18702,Maternity
2532 SOLOMONS ISLAND RD,ANNAPOLIS,MD,21401,Maternity
1949 E CAMELBACK RD,PHOENIX,AZ,85016,
5000 S ARIZONA MILLS CIR,TEMPE,AZ,85282,Outlet
55 SOUTH MCCLINTOCK DRIVE,TEMPE,AZ,85281,
10025 W MCDOWELL RD,AVONDALE,AZ,85323,Maternity
4976 PREMIUM OUTLETS WAY,CHANDLER,AZ,85226,Outlet
16251 N SCOTTSDALE RD,SCOTTSDALE,AZ,85254,
7557 WEST BELL ROAD,PEORIA,AZ,85382,
1055 E BASELINE RD,GILBERT,AZ,85233,Maternity
21001 N TATUM BLVD,PHOENIX,AZ,85050,
1825 NORTH PEBBLE CREEK PARKWAY,GOODYEAR,AZ,85395,
2501 W. HAPPY VALLEY ROAD,PHOENIX,AZ,85027,Maternity
2725 S. MARKET ST.,GILBERT,AZ,85295,Maternity
6401 WEST MARANA CENTER BLVD,TUCSON,AZ,85742,Outlet
11745 W INTERSTATE HWY 10,SAN ANTONIO,TX,78230,
255 E. BASSE RD.,SAN ANTONIO,TX,78209,Maternity
2310 SW MILITARY DR,SAN ANTONIO,TX,78224,
6065 NW LOOP 410,SAN ANTONIO,TX,78238,
18030 US HIGHWAY 281 N,SAN ANTONIO,TX,78232,
11659 BANDERA RD,SAN ANTONIO,TX,78250,Maternity
5347 NORTH WEST LOOP 1604,SAN ANTONIO,TX,78253,
17610 LA CANTERA PARKWAY,SAN ANTONIO,TX,78257,Maternity
8328 AGORA PARKWAY,SELMA,TX,78154,
4015 S INTERSTATE HWY 35,SAN MARCOS,TX,78666,"Maternity, Outlet"
5601 BRODIE LANE,SUNSET VALLEY,TX,78745,Maternity
12909 Shops Parkway,BEE CAVE,TX,78738,Maternity
2901 S CAPITAL OF TEXAS HWY,AUSTIN,TX,78746,
1201 BARBARA JORDAN BLVD.,AUSTIN,TX,78723,
9607 RESEARCH BLVD,AUSTIN,TX,78759,Maternity
11066 PECAN PARK BLVD,CEDAR PARK,TX,78613,
2701D PARKER ROAD,ROUND ROCK,TX,78681,Maternity
1019 West University Ave,GEORGETOWN,TX,78628,
990 Camino Del Rio N,SAN DIEGO,CA,92108,Maternity
3535 SPORTS ARENA BLVD.,SAN DIEGO,CA,92110,
3440 HIGHLAND AVE,NATIONAL CITY,CA,91950,Maternity
9922 Mission Gorge Rd.,SANTEE,CA,92071,
4201 CAMINO DE LA PLAZA,SAN YSIDRO,CA,92173,Outlet
10655 Westview Pkwy,SAN DIEGO,CA,92126,Maternity
72349 HWY 111,PALM DESERT,CA,92260,
8170 Park Lane Suite 124,DALLAS,TX,75231,
19079 LBJ Freeway,MESQUITE,TX,75150,
13350 DALLAS PARKWAY,DALLAS,TX,75240,Maternity
305 WEST FM 1382,CEDAR HILL,TX,75104,
420 Coneflower Drive,GARLAND,TX,75040,
801 W 15TH ST,PLANO,TX,75075,Maternity
2400 PRESTON ROAD,PLANO,TX,75093,
2325 S STEMMON'S FWY,LEWISVILLE,TX,75067,Maternity
4001 ARLINGTON HIGHLANDS BLVD.,ARLINGTON,TX,76018,Maternity
3000 GRAPEVINE MILLS PARKWAY,GRAPEVINE,TX,76051,"Maternity, Outlet"
2950 E Southlake Blvd,SOUTHLAKE,TX,76092,Maternity
2875 MARKET CTR DR,ROCKWALL,TX,75032,Maternity
3333 PRESTON RD,FRISCO,TX,75034,Maternity
868 NORTH EAST MALL BLVD,HURST,TX,76053,Maternity
5701 LONG PRAIRIE ROAD,FLOWER MOUND,TX,75028,
231 EAST STACY RD,FAIRVIEW,TX,75069,Maternity
301 TANGER DRIVE,TERRELL,TX,75160,Outlet
2265 PORTER CREEK DRIVE,FORT WORTH,TX,76177,
12868 SOUTH FREEWAY,BURLESON,TX,76028,
1800 S Loop 288,DENTON,TX,76205,
4801 Overton Ridge Blvd.,FORT WORTH,TX,76132,Maternity
1734 GREENOAKS RD,FORT WORTH,TX,76116,
3920 Town Center Street,SHERMAN,TX,75092,
2416 W LOOP 340,WACO,TX,76711,
8946 SOUTH BROADWAY AVE,TYLER,TX,75703,
2855 Stevens Creek Boulevard,SANTA CLARA,CA,95050,
1172 GREAT MALL DR,MILPITAS,CA,95035,Outlet
925 Blossom Hill Rd,SAN JOSE,CA,95123,
1600 Saratoga Ave,SAN JOSE,CA,95129,Maternity
43540 CHRISTY STREET,FREMONT,CA,94538,
1101 EL CAMINO REAL,REDWOOD CITY,CA,94063,
3720 LIVERMORE OUTLETS DRIVE,LIVERMORE,CA,94551,Outlet
4962 DUBLIN BLVD,DUBLIN,CA,94568,
49 WEST HILLSDALE BLVD.,SAN MATEO,CA,94403,
15555 East 14th Street,SAN LEANDRO,CA,94577,
950 Renz Lane,GILROY,CA,95020,
2212-A SOUTH SHORE CENTRE,ALAMEDA,CA,94501,
1150 El Camino Real,SAN BRUNO,CA,94066,
55 Colma Blvd,COLMA,CA,94014,
72 BROADWAY LANE,WALNUT CREEK,CA,94596,
5625 Bay St,EMERYVILLE,CA,94608,Maternity
801 Market St,SAN FRANCISCO,CA,94103,Maternity
5869 LONE TREE WAY,ANTIOCH,CA,94531,
1975 Diamond Blvd,CONCORD,CA,94520,Maternity
686 NORTHRIDGE MALL,SALINAS,CA,93906,
2320 DANIELS ST.,MANTECA,CA,95337,Maternity
107 GENERAL STILLWELL DRIVE,MARINA,CA,93933,
4950 PACIFIC AVE,STOCKTON,CA,95207,
2831 COUNTRYSIDE DRIVE,TURLOCK,CA,95380,
228 VINTAGE WAY,NOVATO,CA,94945,
1350 TRAVIS BLVD,FAIRFIELD,CA,94533,
1641 E. MONTE VISTA AVE,VACAVILLE,CA,95688,Maternity
2200 N. PETALUMA BLVD,PETALUMA,CA,94952,Outlet
9155 W STOCKTON BLVD,ELK GROVE,CA,95758,Maternity
2070 SANTA ROSA AVE,SANTA ROSA,CA,95407,
1890 ARDEN WAY,SACRAMENTO,CA,95815,
3581 N. FREEWAY BLVD.,SACRAMENTO,CA,95834,Maternity
5985 BIRDCAGE CENTER LANE,CITRUS HEIGHTS,CA,95610,
2755 E BIDWELL ST,FOLSOM,CA,95630,Maternity
201 E. Central Texas Expressway,HARKER HEIGHTS,TX,76548,
10261 River Marsh Drive,JACKSONVILLE,FL,32246,Maternity
13221 CITY STATION DRIVE,JACKSONVILLE,FL,32218,
1910 WELLS ROAD,ORANGE PARK,FL,32073,
500 OUTLET MALL BLVD,ST AUGUSTINE,FL,32084,Outlet
4990 ALTAMA AVENUE,BRUNSWICK,GA,31525,
3942 SW ARCHER RD,GAINESVILLE,FL,32608,
OLD NAVY,DAYTONA BEACH,FL,32117,Outlet
2500 W INTERNATION SPEEDWAY BLVD,DAYTONA BEACH,FL,32114,
4414 SW COLLEGE ROAD,OCALA,FL,34474,
1244 GALLERIA BLVD,ROSEVILLE,CA,95678,Maternity
1251 US HIGHWAY 31 N,GREENWOOD,IN,46142,Maternity
8631 RIVER CROSSING BLVD,INDIANAPOLIS,IN,46240,
313 METROPOLIS MILE,PLAINFIELD,IN,46168,Maternity
5910 W 86th Street,INDIANAPOLIS,IN,46278,Maternity
14250 CLAY TERRACE BLVD,CARMEL,IN,46032,Maternity
14049 TOWN CENTER BLVD.,NOBLESVILLE,IN,46060,Maternity
TBD,EDINBURGH,IN,46124,
2828 E 3RD ST,BLOOMINGTON,IN,47401,
2415 SAGAMORE PKWY S,LAFAYETTE,IN,47905,
3360 US HWY 41 SOUTH,TERRE HAUTE,IN,47802,Maternity
1731 OLENTANGY RIVER RD,COLUMBUS,OH,43212,
3690 EASTON MARKET,COLUMBUS,OH,43219,Maternity
1852 HILLIARD ROME ROAD,HILLIARD,OH,43026,Maternity
3636 WEST DUBLIN GRANVILLE RD,COLUMBUS,OH,43235,Maternity
2409 Taylor Park Drive,REYNOLDSBURG,OH,43068,
1345 POLARIS PKWY,COLUMBUS,OH,43240,Maternity
400 SOUTH WILSON ROAD,SUNBURY,OH,43074,Outlet
1635 River Valley Circle South,LANCASTER,OH,43130,
8000 FACTORY SHOPS BLVD,JEFFERSONVILLE,OH,43128,Outlet
2166 WEST FOURTH ST,MANSFIELD,OH,44906,Maternity
4399 WALNUT STREET,BEAVERCREEK,OH,45440,Maternity
2700 MIAMISBURG-CENTERVILLE RD,DAYTON,OH,45459,Maternity
2400 ELIDA RD,LIMA,OH,45805,
9883 WATERSTONE BLVD,CINCINNATI,OH,45249,
7100 FOUNDRY ROW,LIBERTY TWP,OH,45069,
830 GRAND CENTRAL AVE,VIENNA,WV,26105,Maternity
5901 GALBRAITH RD,CINCINNATI,OH,45236,
2695 EDMONDSON RD,CINCINNATI,OH,45209,Maternity
4400 SHARON ROAD,CHARLOTTE,NC,28211,
8150 IKEA BLVD,CHARLOTTE,NC,28253,
9551 SOUTH BLVD,CHARLOTTE,NC,28273,Maternity
5518 NEW FASHION WAY,CHARLOTTE,NC,28278,
9729 NORTHLAKE CENTRE PARKWAY,CHARLOTTE,NC,28216,
10530 NORTHEAST PKWY,MATTHEWS,NC,28105,Maternity
14147 RIVERGATE PKWY,CHARLOTTE,NC,28273,
8111 CONCORD MILLS BLVD,CONCORD,NC,28027,"Maternity, Outlet"
"9786 REA ROAD, SUITE C",CHARLOTTE,NC,28277,
3692 E FRANKLIN BLVD,GASTONIA,NC,28056,
621 RIVER HIGHWAY,MOORESVILLE,NC,28117,
385 FAITH RD,SALISBURY,NC,28146,
1880 CATAWBA VALLEY BLVD,HICKORY,NC,28602,
3320 SILAS CREEK PKWY,WINSTON SALEM,NC,27103,Maternity
1504 BWOEZELL BOULEVARD,SPARTANBURG,SC,29301,Maternity
321-8 FORUM DRIVE,COLUMBIA,SC,29229,
1208-B BRIDFORD PARKWAY,GREENSBORO,NC,27407,Maternity
1180 Blowing Rock Road,BOONE,NC,28607,
140 HARBISON BLVD,COLUMBIA,SC,29212,Maternity
3000 NORTHLINE AVE,GREENSBORO,NC,27408,Maternity
1117 WOODRUFF RD,GREENVILLE,SC,29607,Maternity
2701 DAVID MCLEOD BLVD,FLORENCE,SC,29501,
511 Pine St,SEATTLE,WA,98101,
401 NE NORTHGATE WAY,SEATTLE,WA,98125,
4037 FACTORIA BLVD SE,BELLEVUE,WA,98006,Maternity
15600 N.E. 8TH ST.,BELLEVUE,WA,98008,
17470 SOUTHCENTER PKWY,TUKWILA,WA,98188,Maternity
19401 ALDERWOOD MALL PKWY,LYNNWOOD,WA,98036,Maternity
11066 PACIFIC CREST PL NW,SILVERDALE,WA,98383,
1101 OUTLET COLLECTION WAY,AUBURN,WA,98001,"Maternity, Outlet"
1402 SE EVERETT MALL WAY,EVERETT,WA,98208,Maternity
4502 S STEELE ST,TACOMA,WA,98409,Maternity
3500 SO. MERIDIAN,PUYALLUP,WA,98373,Maternity
5810 Lakewood Towne Center Blvd SW,LAKEWOOD,WA,98499,
625 BLACK LAKE BLVD.,OLYMPIA,WA,98502,Maternity
1883 MARKETPLACE DRIVE,BURLINGTON,WA,98233,
4700 KINGSWAY,BURNABY,BC,V5H 4M1,Maternity
3130-3170 TILLICUM RD,VICTORIA,BC,V9A 7C5,Maternity
1 BELLIS FAIR PKWY,BELLINGHAM,WA,98226,
3122 MT. LEHMAN RD,ABBOTSFORD,BC,V2T 5M1,
8401 GATEWAY BLVD W,EL PASO,TX,79925,
750 SUNLAND PARK DR,EL PASO,TX,79912,
7051 S Desert Blvd,CANUTILLO,TX,79835,Outlet
2200 E LOHMAN AVE STE 200,LAS CRUCES,NM,88001,
3100 HOWARD AVE,WINDSOR,ON,N8X 3Y8,Maternity
3260 Fairlane Drive,ALLEN PARK,MI,48101,Maternity
TBD,WARREN,MI,48093,
32387 GRATIOT AVE,ROSEVILLE,MI,48066,
1221 COOLIDGE HWY,TROY,MI,48084,Maternity
13935 HALL RD,SHELBY TWP,MI,48315,Maternity
31365 ORCHARD LAKE RD,FARMINGTON HILLS,MI,48334,
2843 S. ROCHESTER RD,ROCHESTER,MI,48307,
47196 Michigan Ave,CANTON TWP,MI,48188,
43705 West Oaks Drive,NOVI,MI,48377,Maternity
50411 WATERSIDE DRIVE,CHESTERFIELD,MI,48051,
4806 S. BALDWIN RD,ORION,MI,48359,Maternity
3533 WASHTENAW AVE,ANN ARBOR,MI,48104,Maternity
1475 BURKHART RD.,HOWELL,MI,48855,Outlet
5001 MONROE ST.,TOLEDO,OH,43623,Maternity
3619 Miller Road,FLINT,MI,48503,
1420 S HOLLAND SYLVANNIA RD,HOLLAND,OH,43528,Maternity
4020 MILAN RD,SANDUSKY,OH,44870,
12240 SOUTH BEYER ROAD,BIRCH RUN,MI,48415,Outlet
1982 W GRAND RIVER AVE,OKEMOS,MI,48864,
35852 DETROIT RD,AVON,OH,44011,Maternity
3399 STEELYARD DRIVE,CLEVELAND,OH,44109,
3385 TITTABAWASSEE RD,SAGINAW,MI,48604,
18260 ROYALTON RD,STRONGSVILLE,OH,44136,
439 S WADSWORTH BLVD,LAKEWOOD,CO,80226,
8560 EAST 49TH STREET,DENVER,CO,80238,Maternity
14367 W COLFAX AVE,LAKEWOOD,CO,80401,
6955 S. YORK STREET,CENTENNIAL,CO,80122,
8674 PARK MEADOWS CENTER DR,LONE TREE,CO,80124,Maternity
15600 EAST BRIARWOOD CIRCLE,AURORA,CO,80016,
14521 ORCHARD PARKWAY,WESTMINSTER,CO,80023,
1 W FLATIRON CIRCLE,BROOMFIELD,CO,80021,Maternity
1629 FALL RIVER DRIVE,LOVELAND,CO,80538,Maternity
108 W TROUTMAN PKWY,FORT COLLINS,CO,80525,
7665 North Academy Boulevard,COLORADO SPRINGS,CO,80920,
5924 Barnes Rd,COLORADO SPRINGS,CO,80922,
"5335 WISCONSIN AVENUE, NW",WASHINGTON,DC,20015,
3621 JEFFERSON DAVIS HWY,ALEXANDRIA,VA,22305,
3500 EAST WEST HWY,HYATTSVILLE,MD,20782,
"5800 CROSSROADS CTR WAY, BLDG B",FALLS CHURCH,VA,22041,Maternity
7101 DEMOCRACY BLVD,BETHESDA,MD,20817,Maternity
1961 Chain Bridge Road,MCLEAN,VA,22102,
"2250 PETRIE LANE, SUITE 532",LANHAM,MD,20706,
12017 ROCKVILLE PIKE,ROCKVILLE,MD,20852,
6711 FRONTIER DR,SPRINGFIELD,VA,22150,Maternity
14706 BALTIMORE AVE.,LAUREL,MD,20707,
12209 FAIRLAKES PROMENADE DR.,FAIRFAX,VA,22033,
11110 MALL CIRCLE,WALDORF,MD,20603,
1410 SOUTH MAIN CHAPEL WAY,GAMBRILLS,MD,21054,Maternity
21100 DULLES TOWN CIRCLE,DULLES,VA,20166,
15201 POTOMAC TOWN PLACE,WOODBRIDGE,VA,22191,
6260 COLUMBIA CROSSING DR,COLUMBIA,MD,21045,
7000 ARUNDEL MILLS CIR,HANOVER,MD,21076,"Maternity, Outlet"
22705 CLARKSBURG ROAD,CLARKSBURG,MD,20871,Outlet
4350 MONTGOMERY RD,ELLICOTT CITY,MD,21043,
11096 BULLOCH DR,MANASSAS,VA,20109,Maternity
241 FT EVANS RD NE,LEESBURG,VA,20176,Outlet
10030 Reisterstown Road,OWINGS MILLS,MD,21117,
1260 CARL D SILVER PARKWAY,FREDERICKSBURG,VA,22401,Maternity
45215 Worth Ave,CALIFORNIA,MD,20619,
1863 GETTYSBURG VILLAGE DRIVE,GETTYSBURG,PA,17325,Outlet
17301 VALLEY MALL RD,HAGERSTOWN,MD,21740,
2440 Pleasant Valley Rd,WINCHESTER,VA,22601,
351 Loucks Road,YORK,PA,17404,Maternity
2645 N. SALISBURY BLVD.,SALISBURY,MD,21804,
3507 CAPITAL CITY MALL DR,CAMP HILL,PA,17011,
7230 BELL CREEK ROAD,MECHANICSVILLE,VA,23111,
1601 WILLOW LAWN DR,RICHMOND,VA,23230,Maternity
5112 JONESTOWN ROAD,HARRISBURG,PA,17112,
945 EMMET ST N,CHARLOTTESVILLE,VA,22903,Maternity
3440 POPLAR AVE,MEMPHIS,TN,38111,
155 GOODMAN RD W,SOUTHAVEN,MS,38671,
8085 GIACOSA PLACE,MEMPHIS,TN,38133,
10287 East Shelby Dr,COLLIERVILLE,TN,38017,
1231 SOUTH CARAWAY ROAD,JONESBORO,AR,72401,Maternity
1109A VANN DRIVE,JACKSON,TN,38305,Maternity
3858 MARKET CENTER DR,TUPELO,MS,38804,Maternity
100 CAMBRIDGESIDE PLACE,CAMBRIDGE,MA,02141,Maternity
8 ALLSTATE ROAD,BOSTON,MA,02125,Maternity
9 MYSTIC VIEW RD,EVERETT,MA,02149,Maternity
430 WASHINGTON STREET,BOSTON,MA,02111,
1277 Broadway,SAUGUS,MA,01906,
300 PROVIDENCE HWY,DEDHAM,MA,02026,Maternity
250 GRANITE STREET,BRAINTREE,MA,02184,
5 SHIPYARD DRIVE,HINGHAM,MA,02043,Maternity
43 MIDDLESEX TPKE,BURLINGTON,MA,01803,Maternity
100 INDEPENDENCE WAY,DANVERS,MA,01923,Maternity
90 Providence Hwy.,WALPOLE,MA,02032,
1 WORCESTER RD,FRAMINGHAM,MA,01701,Maternity
200 WESTGATE DR,BROCKTON,MA,02301,
1775 WASHINGTON ST,HANOVER,MA,02339,Maternity
253 HARTFORD AVE,BELLINGHAM,MA,02019,
1 PREMIUM OUTLETS BLVD,WRENTHAM,MA,02093,Outlet
90 PLEASANT VALLEY ST,METHUEN,MA,01844,Maternity
874 Donald Lynch Blvd,MARLBOROUGH,MA,01752,
4 E SPIT BROOK RD,NASHUA,NH,03060,Maternity
1250 S WASHINGTON ST,NORTH ATTLEBOROUGH,MA,02760,
192 COLONY PLACE,PLYMOUTH,MA,02360,
100 COMMERCIAL RD,LEOMINSTER,MA,01453,Maternity
70 WORCESTER PROVIDENCE TPKE STE 52,MILLBURY,MA,01527,Maternity
371 PUTNAM PIKE,SMITHFIELD,RI,02917,
144 PROVIDENCE PL,PROVIDENCE,RI,02903,Maternity
262 SWANSEA MALL DRIVE,SWANSEA,MA,02777,
2421 Cranberry Highway,WAREHAM,MA,02571,
1500 South Willow St.,MANCHESTER,NH,03103,Maternity
400 BALD HILL RD,WARWICK,RI,02886,Maternity
130 N DARTMOUTH MALL,NORTH DARTMOUTH,MA,02747,Maternity
45 Gosling Rd,NEWINGTON,NH,03801,Maternity
375 US ROUTE 1,KITTERY,ME,03904,"Maternity, Outlet"
199 CONNELL HWY,NEWPORT,RI,02840,
790 IYANNOUGH ROAD,HYANNIS,MA,02601,
1655 BOSTON ROAD,SPRINGFIELD,MA,01129,
339 RUSSELL ST,HADLEY,MA,01035,
455 TROLLEY LINE BLVD,MASHANTUCKET,CT,06338,Outlet
120 LACONIA ROAD,TILTON,NH,03276,Outlet
801 EVERGREEN WAY,SOUTH WINDSOR,CT,06074,Maternity
850 HARTFORD TURNPIKE,WATERFORD,CT,06385,Maternity
364 MAINE MALL ROAD,SOUTH PORTLAND,ME,04106,Maternity
139 Opry Mills Dr,NASHVILLE,TN,37214,"Maternity, Outlet"
6724 Charlotte Pike,NASHVILLE,TN,37209,Maternity
2295 GALLATIN PIKE N,MADISON,TN,37115,
1618 GALLERIA BLVD,BRENTWOOD,TN,37027,Maternity
401 S. MT. JULIET ROAD,MT JULIET,TN,37122,Maternity
2651 MEDICAL CENTER PARKWAY,MURFREESBORO,TN,37129,Maternity
2801 WILMA RUDOLPH BLVD,CLARKSVILLE,TN,37040,Maternity
2625 SCOTTSVILLE RD,BOWLING GREEN,KY,42104,
377 W JACKSON STREET,COOKEVILLE,TN,38501,
301 The Bridge St,HUNTSVILLE,AL,35806,
1711 BELLE ISLE BLVD,OKLAHOMA CITY,OK,73118,Maternity
1437 WEST I-240 SERVICE RD,OKLAHOMA CITY,OK,73159,
7213 SE 29th ST,MIDWEST CITY,OK,73110,Maternity
7638 W RENO AVENUE,OKLAHOMA CITY,OK,73127,Outlet
2210 WEST MEMORIAL DRIVE,OKLAHOMA CITY,OK,73134,Maternity
518 S. BRYANT,EDMOND,OK,73034,
3369 WEST MAIN ST,NORMAN,OK,73072,Maternity
619 N MAIN ST,STILLWATER,OK,74075,
3326 W OWEN K GARRIOTT RD,ENID,OK,73703,
149 CENTRAL MALL,LAWTON,OK,73501,
2201 LLOYD CENTER,PORTLAND,OR,97232,
3115 SW CEDAR HILLS BLVD,BEAVERTON,OR,97005,Maternity
8646 SE SUNNYSIDE RD,CLACKAMAS,OR,97015,Maternity
18065 NW EVERGREEN PKWY,BEAVERTON,OR,97006,
7087 SW NYBERG ST.,TUALATIN,OR,97062,Maternity
8700 NE VANCOUVER MALL DR,VANCOUVER,WA,98662,Maternity
747 NW 12TH ST,GRESHAM,OR,97030,
6190 Ulali Drve NE,KEIZER,OR,97307,Maternity
2189 14TH AVENUE S.E.,ALBANY,OR,97322,
1500 SE EAST DEVILS LAKE ROAD,LINCOLN CITY,OR,97367,Outlet
3528 SOUTH MARYLAND PARKWAY,LAS VEGAS,NV,89109,
1985 W. CRAIG ROAD,NORTH LAS VEGAS,NV,89032,
2180 NORTH RAINBOW BLVD,LAS VEGAS,NV,89108,Maternity
6587 LAS VEGAS BLVD SOUTH,LAS VEGAS,NV,89119,
525 N. STEPHANIE ST,HENDERSON,NV,89014,Maternity
2310 PARK CENTRE DRIVE,LAS VEGAS,NV,89135,
32100 LAS VEGAS BLVD. S,JEAN,NV,89019,Outlet
1025 VETERANS PARKWAY,CLARKSVILLE,IN,47129,Maternity
7900 SHELBYVILLE RD #J4,LOUISVILLE,KY,40222,Maternity
4801 Outer Loop,LOUISVILLE,KY,40219,
4300 TOWN CENTER DRIVE,LOUISVILLE,KY,40241,
1155 BUCK CREEK ROAD,SIMPSONVILLE,KY,40067,Outlet
1940 N DIXIE HWY,ELIZABETHTOWN,KY,42701,
3801 MALL ROAD,LEXINGTON,KY,40503,Maternity
1960 PAVILION WAY,LEXINGTON,KY,40509,Maternity
7719 Mall Rd,FLORENCE,KY,41042,Maternity
3687 STONE CREEEK BLVD,CINCINNATI,OH,45251,
642 LINMAR LANE,JOHNSON CREEK,WI,53038,Outlet
2348 E SPRINGS DRIVE,MADISON,WI,53704,
3001 S. WASHBURN,OSHKOSH,WI,54904,Outlet
4733 W. GRANDE MARKET DR.,GRAND CHUTE,WI,54913,Maternity
110 BAY PARK SQ,GREEN BAY,WI,54304,
4900 CUTLER AVE NE,ALBUQUERQUE,NM,87110,
10000 COORS BYPASS NW,ALBUQUERQUE,NM,87114,
5870 E BROADWAY BLVD,TUCSON,AZ,85711,
4500 N ORACLE RD,TUCSON,AZ,85705,
5169 SOUTH CALLE SANTA CRUZ,TUCSON,AZ,85706,
7418 N Blackstone Ave,FRESNO,CA,93720,
1355 HERNDON AVE,CLOVIS,CA,93612,
6607 N. RIVERSIDE DRIVE,FRESNO,CA,93722,
230 NORTH 12th AVENUE,HANFORD,CA,93230,Maternity
2209 S MOONEY BLVD,VISALIA,CA,93277,
2023 FOREST AVE,CHICO,CA,95928,
5820 ANTIOCH RD,MERRIAM,KS,66202,
8600 WARD PKWY,KANSAS CITY,MO,64114,
8677 NW PRAIRIEVIEW RD,KANSAS CITY,MO,64153,Maternity
18801 E. 39TH STREET SOUTH,INDEPENDENCE,MO,64057,
1815 VILLAGE WEST PKWY,KANSAS CITY,KS,66111,"Maternity, Outlet"
12065 METCALF AVE,OVERLAND PARK,KS,66213,
1656 NW CHIPMAN RD,LEES SUMMIT,MO,64081,
14625 W 119TH ST,OLATHE,KS,66062,
5201 N BELT HWY,ST JOSEPH,MO,64506,
1801 SW WANAMAKER RD,TOPEKA,KS,66604,Maternity
261 19th Street,ATLANTA,GA,30363,
1 BUCKHEAD LOOP,ATLANTA,GA,30326,Maternity
3664 MARKETPLACE BLVD,EAST POINT,GA,30344,
2967 COBB PARKWAY,ATLANTA,GA,30339,
1161 HAMMOND DR NE,ATLANTA,GA,30346,
1291 JOHNSON FERRY RD,MARIETTA,GA,30068,
116 PAVILION PKWY,FAYETTEVILLE,GA,30214,
5135 Peachtree Parkway,NORCROSS,GA,30092,Maternity
6588 DOUGLAS BLVD,DOUGLASVILLE,GA,30135,
680 ERNEST W BARRETT PKWY NW,KENNESAW,GA,30144,Maternity
6100 N POINT PKWY,ALPHARETTA,GA,30022,
1980 JONESBORO ROAD,MCDONOUGH,GA,30253,
2059 SCENIC HWY N,SNELLVILLE,GA,30078,
1564 B DOGWOOD DR SE,CONYERS,GA,30013,
5900 SUGARLOAF PARKWAY,LAWRENCEVILLE,GA,30043,Outlet
122 WOODSTOCK SQUARE AVE,WOODSTOCK,GA,30189,Maternity
1000 TANGER DR #203,LOCUST GROVE,GA,30248,Outlet
3333 BUFORD DRIVE,BUFORD,GA,30519,Maternity
591 BULLSBORO DR,NEWNAN,GA,30265,
2255 MARKET PLACE BLVD,CUMMING,GA,30041,
855 DAWSONVILLE HWY,GAINESVILLE,GA,30501,Maternity
1791 OCONEE CONNECTOR,ATHENS,GA,30606,
455 BELWOOD RD SE,CALHOUN,GA,30701,Outlet
800 STEVEN B. TANGER BLVD,COMMERCE,GA,30529,
4653 PRESIDENTIAL PKWY,MACON,GA,31206,
1-20 and Morgan Road,OXFORD,AL,36203,
2620-A Watson Boulevard,WARNER ROBINS,GA,31093,
5555 WHITTLESEY BLVD,COLUMBUS,GA,31909,Maternity
2263 TIGERTOWN PKWY,OPELIKA,AL,36801,Maternity
2220 Hamilton Place Blvd,CHATTANOOGA,TN,37421,Maternity
701 LYNNHAVEN PKWY,VIRGINIA BEACH,VA,23452,Maternity
"4554 Virginia Beach Blvd., Suite 75",VIRGINIA BEACH,VA,23462,
1600 PREMIUM OUTLETS BLVD.,NORFOLK,VA,23502,Outlet
1322 GREENBRIER PARKWAY,CHESAPEAKE,VA,23320,Maternity
4107 PORTSMOUTH BLVD,CHESAPEAKE,VA,23321,
12300 Jefferson Avenue,NEWPORT NEWS,VA,23602,Maternity
727 Southpark Blvd,COLONIAL HEIGHTS,VA,23834,
10000 CALIFORNIA STREET,OMAHA,NE,68114,
7902 TOWNE CENTER PARKWAY,PAPILLION,NE,68046,Maternity
17101 DAVENPORT ST,OMAHA,NE,68118,Maternity
21407 NEBRASKA CROSSING DRIVE,GRETNA,NE,68028,Outlet
2950 PINE LAKE RD,LINCOLN,NE,68516,
5001 Sergeant Rd,SIOUX CITY,IA,51106,
4325 GLENWOOD AVENUE,RALEIGH,NC,27612,Maternity
330 CROSSROADS BLVD,CARY,NC,27511,Maternity
5900 POYNER PLACE AVENUE,RALEIGH,NC,27616,Maternity
1561 BEAVER CREEK COMMONS DRIVE,APEX,NC,27502,Maternity
7001 FAYETTEVILLE,DURHAM,NC,27713,
5424 NEW HOPE COMMONS,DURHAM,NC,27707,Maternity
4000 ARROWHEAD BLVD,MEBANE,NC,27302,Outlet
1205 NORTH BERKELEY BOULEVARD,GOLDSBORO,NC,27534,
131 GLENSFORD DR,FAYETTEVILLE,NC,28314,Maternity
145 HOLT GARRISON PARKWAY,DANVILLE,VA,24540,
530C SE Greenville Blvd.,GREENVILLE,NC,27858,Maternity
1250 WESTERN BLVD,JACKSONVILLE,NC,28546,Maternity
7795 W FLAGER ST,MIAMI,FL,33144,Outlet
7220 N KENDALL DR,MIAMI,FL,33156,Maternity
599 West 49th Street,HIALEAH,FL,33012,
11531 NORTHWEST 12TH ST,MIAMI,FL,33172,Outlet
1455 NW 107TH AVE,MIAMI,FL,33172,
13605 So Dixie Hwy,MIAMI,FL,33176,
3885 NE 163RD STREET,NORTH MIAMI BEACH,FL,33160,Outlet
19225 BISCAYNE BLVD,AVENTURA,FL,33180,
8715 SW 124TH AVE,MIAMI,FL,33183,Maternity
20505 S. DIXIE HWY,CUTLER BAY,FL,33189,
14528 SOUTH WEST 2ND STREET,PEMBROKE PINES,FL,33027,
3801 OAKWOOD BLVD,HOLLYWOOD,FL,33020,Maternity
2100 S UNIVERSITY DR,DAVIE,FL,33324,Maternity
2610 SAWGRASS MILLS CIRCLE,SUNRISE,FL,33323,Outlet
3200 NORTH FEDERAL HIGHWAY,FORT LAUDERDALE,FL,33306,
9197 W ATLANTIC BLVD,CORAL SPRINGS,FL,33071,
9887 GLADES RD,BOCA RATON,FL,33434,Maternity
373 N CONGRESS AVE,BOYNTON BEACH,FL,33426,
840 S. STATE RD. 7,WELLINGTON,FL,33414,
1865 PALM BEACH LAKES BLVD,WEST PALM BEACH,FL,33401,Outlet
2480 FAIREVIEW AVENUE NORTH,ROSEVILLE,MN,55113,Maternity
8308 HIGHWAY 7,ST LOUIS PARK,MN,55426,Maternity
138 E BROADWAY,BLOOMINGTON,MN,55425,Maternity
1263 PROMENADE PL,EAGAN,MN,55121,
3885 EAGAN OUTLETS PARKWAY,EAGAN,MN,55122,
8251 FLYING CLOUD DR,EDEN PRAIRIE,MN,55344,
8020 WEDGEWOOD LANE NORTH,MAPLE GROVE,MN,55369,
12767 RIVERDALE BLVD NW,COON RAPIDS,MN,55448,
1079 BURNSVILLE CTR,BURNSVILLE,MN,55306,
8306 TAMARACK VILLAGE,WOODBURY,MN,55125,
6415 LABEAUX AVE NE,ALBERTVILLE,MN,55301,Outlet
6750 W. FRONTAGE ROAD,MEDFORD,MN,55049,Outlet
3959 2ND ST S,ST CLOUD,MN,56301,Maternity
1901 E MADISON AVE,MANKATO,MN,56001,
4603 MAINE AVE SE,ROCHESTER,MN,55904,Maternity
5201 EAST 41ST ST,TULSA,OK,74135,
8722 EAST 71ST STREET,TULSA,OK,74133,
9018 North 121st East Avenue,OWASSO,OK,74055,
1425 SOM Center Road,MAYFIELD HEIGHTS,OH,44124,Maternity
6025 KRUSE DR,SOLON,OH,44139,
7317 MENTOR AVE,MENTOR,OH,44060,
3881 MEDINA RD,AKRON,OH,44333,
6687 STRIP AVE NW,NORTH CANTON,OH,44720,Maternity
5555 YOUNGSTOWN WARREN RD,NILES,OH,44446,
377A BOARDMAN POLAND ROAD,YOUNGSTOWN,OH,44512,
7700 E KELLOGG DR,WICHITA,KS,67207,Maternity
2441 N MAIZE RD,WICHITA,KS,67205,Maternity
2259 South 9th Street,SALINA,KS,67402,
197 WESTBANK EXPWY.,GRETNA,LA,70053,Maternity
1136 SOUTH CLEARVIEW PARKWAY,HARAHAN,LA,70123,Maternity
1401 W ESPLANADE AVE.,KENNER,LA,70065,Outlet
3450 HIGHWAY 190,MANDEVILLE,LA,70471,Maternity
1550 MARTIN LUTHER KING JR BLVD,HOUMA,LA,70360,Maternity
2200 TANGER BLVD,GONZALES,LA,70737,Outlet
10509 S MALL DR,BATON ROUGE,LA,70809,Maternity
10075 CROSSING WAY,DENHAM SPRINGS,LA,70726,
15148 Crossroads Parkway,GULFPORT,MS,39503,
9856 Cortana Place,BATON ROUGE,LA,70815,
231 WESTSHORE PLZ,TAMPA,FL,33609,Maternity
23672 US HIGHWAY 19 N,CLEARWATER,FL,33765,Maternity
6901 22nd Avenue North,ST PETERSBURG,FL,33710,
6075 WESLEY GROVE BLVD,WESLEY CHAPEL,FL,33544,
919 LAKELAND PARK CENTER DRIVE,LAKELAND,FL,33809,
117 NORTH CATTLEMEN ROAD,SARASOTA,FL,34243,
8201 S. TAMIAMI TRAIL,SARASOTA,FL,34238,
15661 S. APOPKA VINELAND ROAD,ORLANDO,FL,32821,Outlet
3361 DANIELS RD,WINTER GARDEN,FL,34787,
1441 TAMIAMI TRAIL,PORT CHARLOTTE,FL,33948,
3256 NORTH JOHN YOUNG PARKWAY,KISSIMMEE,FL,34741,
4018 CONROY ROAD,ORLANDO,FL,32839,Maternity
8001 S ORANGE BLOSSOM TRAIL,ORLANDO,FL,32809,
2566 E. COLONIAL DR,ORLANDO,FL,32803,
403 N. ALAFAYA TRAIL,ORLANDO,FL,32828,Maternity
1701 WP BALL BLVD,SANFORD,FL,32771,Maternity
5007 S CLEVELAND AVE,FORT MYERS,FL,33907,
1450 ALA MOANA BLVD,HONOLULU,HI,96814,Maternity
94-815 LUMIAINA ST,WAIPAHU,HI,96797,Outlet
91-5431 KAPOLEI PARKWAY,KAPOLEI,HI,96707,
270 DAIRY RD,KAHULUI,HI,96732,
5425 SO. PADRE ISLAND DRIVE,CORPUS CHRISTI,TX,78411,Maternity
8881 LADUE RD,LADUE,MO,63124,
4498 LEMAY FERRY RD,MEHLVILLE,MO,63129,Maternity
6015 N. Illinois Street,FAIRVIEW HEIGHTS,IL,62208,Maternity
10940 SUNSET HILLS PLAZA,SUNSET HILLS,MO,63127,
725 Gravois Road,FENTON,MO,63026,
6617 EDWARDSVILLE CROSSING DRIVE,EDWARDSVILLE,IL,62025,Maternity
16 THF BLVD,CHESTERFIELD,MO,63005,Maternity
2 MEADOWS CIRCLE DRIVE,LAKE ST LOUIS,MO,63367,Maternity
3261 S VETERANS PKWY,SPRINGFIELD,IL,62704,Maternity
1237 E MAIN ST.,CARBONDALE,IL,62901,
207 WEST PARK MALL,CAPE GIRARDEAU,MO,63703,
3505 PRINCETON ROAD,HAMILTON,OH,45011,Maternity
8900 COVENANT AVENUE,PITTSBURGH,PA,15237,
180 Quinn Drive,PITTSBURGH,PA,15108,
4120 William Penn Hwy,MONROEVILLE,PA,15146,
20418 Route 19,CRANBERRY TWP,PA,16066,Maternity
2200 TANGER BLVD,WASHINGTON,PA,15301,"Maternity, Outlet"
ROUTE 30 E,GREENSBURG,PA,15601,
565 CABELA DRIVE,TRIADELPHIA,WV,26059,
1911 LEESBURG GROVE CITY ROAD,GROVE CITY,PA,16127,Outlet
267 TARGET WAY,MORGANTOWN,WV,26501,
2740 MEADOWBROOK MALL,BRIDGEPORT,WV,26330,Maternity
690 SCHAFFER ROAD,DU BOIS,PA,15801,
1200 NORTH MULDOON ROAD,ANCHORAGE,AK,99501,
800 E DIMOND BLVD,ANCHORAGE,AK,99515,Maternity
"115 SHOPPER'S WAY, NW",CHRISTIANSBURG,VA,24073,
4802 VALLEY VIEW BLVD NW,ROANOKE,VA,24012,Maternity
Wards Road,LYNCHBURG,VA,24502,
2281 TOWN CENTER AVE,VIERA,FL,32940,
1 GALLERIA DR,CHEEKTOWAGA,NY,14225,
3701 MCKINLEY PARKWAY,BUFFALO,NY,14219,
1701 NIAGARA FALLS BLVD,AMHERST,NY,14228,Maternity
300 TAYLOR ROAD,NIAGARA-ON-THE-LAKE,ON,L0S 1J0,
221 GLENDALE AVENUE,ST CATHARINES,ON,L2T 2K9,Maternity
999 UPPER WENTWORTH ST,HAMILTON,ON,L9A 4X5,Maternity
777 GUELPH LINE,BURLINGTON,ON,L7R 3N2,Maternity
318 E FAIRMOUNT AVE,LAKEWOOD,NY,14750,
260 YONGE STREET,TORONTO,ON,M5B 2L9,Maternity
1743 PLAZA DR,OLEAN,NY,14760,
177 NORTH QUEEN ST,ETOBICOKE,ON,M9C 1A7,
6 LEBOVIC AVENUE,SCARBOROUGH,ON,M1L 4V9,Maternity
30 WESTON ROAD,TORONTO,ON,M6N 5H4,
100 CITY CENTRE DRIVE,MISSISSAUGA,ON,L5B 1M7,
5100 ERIN MILLS PARKWAY,MISSISSAUGA,ON,L5M 4Z5,Maternity
386 GREECE RIDGE CENTER DR,ROCHESTER,NY,14626,
110 miracle mile,ROCHESTER,NY,14623,Maternity
300 BOROUGH DR,SCARBOROUGH,ON,M1P 4P5,Maternity
5935 MAVIS ROAD,MISSISSAUGA,ON,L5R 3T7,Outlet
1 YORKDALE ROAD,TORONTO,ON,M6A 3A1,
20 KINGSTON RD WEST,AJAX,ON,L1T 4K8,
419 KING STREET WEST,OSHAWA,ON,L1J 2K5,Maternity
1 PROMENADE CIRCLE,THORNHILL,ON,L4J 4P8,Maternity
5000 HWY 7 EAST,MARKHAM,ON,L3R 4M9,
25 PEEL CENTRE DRIVE,BRAMPTON,ON,L6T 3R5,Maternity
1 BASS PRO MILLS DR.,VAUGHAN,ON,L4K 5W4,Maternity
7556 COMMONS BLVD,VICTOR,NY,14564,Maternity
1034 Ridge Road,WEBSTER,NY,14580,
435 STONE RD W,GUELPH,ON,N1G 2X6,Maternity
70 PINEBUSH RD,CAMBRIDGE,ON,N1R 8K5,Maternity
1894 KEYSTONE DRIVE,ERIE,PA,16509,
17600 YONGE STREET,NEWMARKET,ON,L3Y 4Z1,Maternity
645 Landsdowne Street West,PETERBOROUGH,ON,K9J 7Y5,Maternity
4220 W JEFFERSON BLVD,FORT WAYNE,IN,46804,
721 NORTHCREST SHOPPING CTR,FORT WAYNE,IN,46805,
6024 S WESTNEDGE AVE,PORTAGE,MI,49002,Maternity
1500 WATER STREET,LAREDO,TX,78040,Outlet
7605 SAN DARIO AVE.,LAREDO,TX,78045,
239 JUNCTION RD,MADISON,WI,53717,Maternity
210 GASSER RD,BARABOO,WI,53913,Outlet
4848 COMMONWEALTH CTR PRWY,MIDLOTHIAN,VA,23112,
11500 MIDLOTHIAN TPKE,RICHMOND,VA,23235,Maternity
6249 SLIDE RD,LUBBOCK,TX,79414,Maternity
1335 SCHEELS DRIVE,SPARKS,NV,89434,Outlet
13921 S. VIRGINIA STREET,RENO,NV,89511,Maternity
3174 NW FEDERAL HWY,JENSEN BEACH,FL,34957,
10880 SW VILLAGE PARKWAY,PORT ST LUCIE,FL,34986,
119 Tucker Dr,LAFAYETTE,LA,70503,Maternity
2671 S MACARTHUR DR,ALEXANDRIA,LA,71301,
1925 E Market St,HARRISONBURG,VA,22801,
526 N MILWAUKEE ST,BOISE,ID,83704,Maternity
3401 E FAIRVIEW,MERIDIAN,ID,83642,Maternity
16454 MARKET PLACE BOULEVARD,NAMPA,ID,83687,
3000 RIVERCHASE GALLERIA,HOOVER,AL,35244,
6200 GRAND RIVER BVD. EAST,LEEDS,AL,35235,
300 Colonial Promenade Parkway,ALABASTER,AL,35007,Maternity
15TH STREET E. AND MCFARLAND BLVD.,TUSCALOOSA,AL,35405,
312 E MEIGHAN BLVD,GADSDEN,AL,35903,
1241 POINT MALLARD PARKWAY,DECATUR,AL,35601,
8031 EASTCHASE PARKWAY,MONTGOMERY,AL,36117,
14022 EAST INDIANA AVE,SPOKANE,WA,99216,Maternity
WEST 1850 PULLMAN ROAD,MOSCOW,ID,83843,
655 ROUTE 318,WATERLOO,NY,13165,Outlet
4155 STATE ROUTE 31,CLAY,NY,13041,
390 NORTH FRONT STREET,BELLEVILLE,ON,K8P 3E1,Maternity
9858 DESTINY USA DRIVE,SYRACUSE,NY,13204,
40 CATHERWOOD RD,ITHACA,NY,14850,
845 COUNTY ROAD 64,ELMIRA,NY,14903,
636 GARDINERS ROAD,KINGSTON,ON,K7M 3X9,Maternity
3800 MERLE HAY ROAD,DES MOINES,IA,50310,
6805 MILLS CIVIC PKWY,WEST DES MOINES,IA,50266,Maternity
410 VIKING PLAZA DRIVE,CEDAR FALLS,IA,50613,
352 South College Road,WILMINGTON,NC,28403,Maternity
10823 KINGS RD,MYRTLE BEACH,SC,29572,Outlet
2000 COASTAL GRAND CIRCLE,MYRTLE BEACH,SC,29577,
2601 DAWSON RD,ALBANY,GA,31707,Maternity
3500 ROSS CLARK CIRCLE,DOTHAN,AL,36303,
314 FLAT ROCK PLACE,WESTBROOK,CT,06498,Outlet
1459 NEW BRITAIN AVE,WEST HARTFORD,CT,06110,Maternity
110 ALBANY TPKE,CANTON,CT,06019,
25 HAZARD AVE,ENFIELD,CT,06082,
1615 E. EMPIRE STREET,BLOOMINGTON,IL,61701,
5201 W WAR MEMORIAL DR,PEORIA,IL,61615,
2755 BEENE BLVD,BOSSIER CITY,LA,71111,
6640 YOUREE DR.,SHREVEPORT,LA,71105,
3090 NORTH EASTMAN ROAD,LONGVIEW,TX,75605,
4246 SAINT MICHAEL DR,TEXARKANA,TX,75503,Maternity
3929 MCCAIN BLVD,NORTH LITTLE ROCK,AR,72116,
12801 CHENAL PKWY,LITTLE ROCK,AR,72211,
11201 BASS PRO PARKWAY #G,LITTLE ROCK,AR,72210,Outlet
700 ELSINGER BLVD,CONWAY,AR,72032,Maternity
321 Cornerstone Blvd,HOT SPRINGS,AR,71913,
2710 S SONCY RD,AMARILLO,TX,79124,Maternity
219 ROBERT C DANIEL JR PKWY,AUGUSTA,GA,30909,Maternity
427 FABIAN DRIVE,AIKEN,SC,29803,
142 STATION DR,ANDERSON,SC,29621,Maternity
3251 N PLEASANTBURG DR,GREENVILLE,SC,29609,Maternity
1310 TINGLE CIRCLE EAST,MOBILE,AL,36608,
10200 Eastern Shore Blvd,SPANISH FORT,AL,36527,Maternity
2601 S. MCKENZIE STREET,FOLEY,AL,36535,Outlet
5100 N 9TH AVE,PENSACOLA,FL,32504,Maternity
300 MARY ESTHER BLVD,MARY ESTHER,FL,32569,Maternity
6143 HWY 98,HATTIESBURG,MS,39401,
3665 28TH ST SE STE 8A,GRAND RAPIDS,MI,49512,Maternity
4700 WILSON AVE,GRANDVILLE,MI,49418,Maternity
350 84th STREET,BYRON CENTER,MI,49315,Outlet
12635 FELCH ST,HOLLAND,MI,49424,
5293 HARVEY,NORTON SHORES,MI,49444,
1168 E 2100 SOUTH,SALT LAKE CITY,UT,84106,Maternity
7123 SOUTH 1300 EAST,MIDVALE,UT,84047,Maternity
7113 PLAZA CENTER DR,WEST JORDAN,UT,84084,Maternity
10210 SOUTH STATE ST,SANDY,UT,84070,Maternity
270 N. EAST PROMONTORY,FARMINGTON,UT,84025,
6699 LANDMARK DRIVE,PARK CITY,UT,84098,Outlet
678 W MAIN STREET,AMERICAN FORK,UT,84003,Maternity
4125 Riverdale Road,SOUTH OGDEN,UT,84405,Maternity
246 WEST 1300 SOUTH,OREM,UT,84058,Maternity
1050 N MAIN ST,LOGAN,UT,84341,
585 NORTHGATE MALL,CHATTANOOGA,TN,37415,
1654 GOVERNORS SQUARE BLVD,TALLAHASSEE,FL,32301,
1700 NORMAN ROAD,VALDOSTA,GA,31601,Maternity
5445 WASHINGTON PIKE,KNOXVILLE,TN,37918,
218 MORRELL RD,KNOXVILLE,TN,37919,
11028 PARKSIDE DR,KNOXVILLE,TN,37922,Maternity
125 HAMILTON CROSSING DRIVE,ALCOA,TN,37701,
1645 PARKWAY,SEVIERVILLE,TN,37862,Outlet
3 S TUNNEL ROAD,ASHEVILLE,NC,28805,
2 MCKENNA ROAD,ARDEN,NC,28704,Maternity
2780 PABLO KISEL BLVD,BROWNSVILLE,TX,78526,
2100 E. EXPRESSWAY 83,MERCEDES,TX,78570,Outlet
1815 SOUTH 10TH ST,MCALLEN,TX,78503,Maternity
7900 N. 10th Street,MCALLEN,TX,78504,Maternity
50 HOLYOKE STREET,HOLYOKE,MA,01040,Maternity
6366 A RIDGEWOOD COURT,JACKSON,MS,39211,
230 DOGWOOD BLVD,FLOWOOD,MS,39232,Maternity
1910 TAMIAMI TRL N,NAPLES,FL,34102,
4100 WEST 41ST ST.,SIOUX FALLS,SD,57106,Maternity
2825 S GLENSTONE,SPRINGFIELD,MO,65804,Maternity
300 TANGER BLVD.,BRANSON,MO,65616,Outlet
101 RANGE LINE RD,JOPLIN,MO,64801,
2203 PROMENADE BLVD.,ROGERS,AR,72758,
3810 N MALL AVENUE,FAYETTEVILLE,AR,72703,Maternity
30 Oakway Ctr,EUGENE,OR,97401,
1 CROSSGATES MALL RD,ALBANY,NY,12203,
402 BALLTOWN RD,NISKAYUNA,NY,12304,
3065 ROUTE 50,SARATOGA SPRINGS,NY,12866,
4014 E 53RD ST,DAVENPORT,IA,52807,Maternity
2000 N Neil St,CHAMPAIGN,IL,61821,
5161 HINKLEVILLE RD,PADUCAH,KY,42001,
800 N GREENRIVER RD,EVANSVILLE,IN,47715,Maternity
100 VIEWMONT MALL,SCRANTON,PA,18508,
7804 ABERCORN ST,SAVANNAH,GA,31406,Maternity
200 TANGER OUTLET BLVD,POOLER,GA,31322,Outlet
1460 FORDING ISLAND RD,BLUFFTON,SC,29910,Outlet
4840 TANGER OUTLET BLVD,NORTH CHARLESTON,SC,29418,"Maternity, Outlet"
7620 RIVERS AVE,NORTH CHARLESTON,SC,29406,
1720 TOWN CENTRE WAY,MT PLEASANT,SC,29464,
3401 ERIE BLVD EAST,DEWITT,NY,13214,
4789 COMMERCIAL DRIVE,NEW HARTFORD,NY,13413,
21847 TOWN CENTER ROAD,WATERTOWN,NY,13601,
2317 VESTAL PARKWAY EAST,VESTAL,NY,13850,
345 COLLINS RD NE,CEDAR RAPIDS,IA,52402,
1451 CORAL RIDGE AVENUE,CORALVILLE,IA,52241,Maternity
505 TANGER DRIVE,WILLIAMSBURG,IA,52361,Outlet
3111 MIDWESTERN PARKWAY,WICHITA FALLS,TX,76308,
4511 N MIDKIFF RD,MIDLAND,TX,79705,
3419 DEREK DR,LAKE CHARLES,LA,70607,Maternity
3601 CATCLAW DRIVE,ABILENE,TX,79606,
300 Lycoming Mall Circle,PENNSDALE,PA,17756,
4505 S Medford,LUFKIN,TX,75901,
207 North Stadium Boulevard,COLUMBIA,MO,65203,Maternity
3535 MISSOURI BLVD,JEFFERSON CITY,MO,65109,
6110 BROADWAY ST,QUINCY,IL,62305,
i700 TUSCOLA BLVD,TUSCOLA,IL,61953,Outlet
4440 13TH AVENUE SW,FARGO,ND,58103,
3821 32ND AVE SOUTH,GRAND FORKS,ND,58201,
9344 STATE ROAD 16,ONALASKA,WI,54650,
4800 GOLF RD,EAU CLAIRE,WI,54701,Maternity
ROUTE 16 MAIN STREET,NORTH CONWAY,NH,03860,Outlet
ONE FREEPORT VILLAGE STATION,FREEPORT,ME,04032,Outlet
2800 KING AVE W,BILLINGS,MT,59102,
210-20202 66TH AVE,LANGLEY,BC,V2Y 1P3,
5000 CANOE PASS WAY,TSAWWASSEN,BC,V4M 0B3,
10355 152TH STREET,SURREY,BC,V3R 7C1,Maternity
6551 Number 3 Road,RICHMOND,BC,V6Y 2B6,Maternity
2929 Barnet Highway,COQUITLAM,BC,V3B 5R5,Maternity
708 ROBSON ST,VANCOUVER,BC,V6E 1B5,
4135 PHOENIX AVENUE,FORT SMITH,AR,72903,
1510 FROOM WAY,SAN LUIS OBISPO,CA,93405,
888 W. SECOND ST.,CALEXICO,CA,92231,Outlet
1270 WELLINGTON RD,LONDON,ON,N6E 1M3,Maternity
1250 FANSHAWE PARK RD W,LONDON,ON,N6G 5B1,Maternity
1400 OTTAWA ST S,KITCHENER,ON,N2E 4E2,Maternity
550 King Street North,WATERLOO,ON,N2L 5W6,Maternity
